Route_Name,Route_Link,Bus_Name,Bus_Type,Departing_Time,Duration,Reaching_Time,Star_Rating,Price,Seat_Availability
Delhi to Chandigarh,https://www.redbus.in/bus-tickets/delhi-to-chandigarh,HRTC - 551,A/C Executive (2+3),15:30,05h 55m,21:25,3.9,INR 400,38 Seats available
Delhi to Chandigarh,https://www.redbus.in/bus-tickets/delhi-to-chandigarh,HRTC - 525,Ordinary 3+2 Non AC Seater,16:50,05h 50m,22:40,3.9,INR 290,26 Seats available
Delhi to Chandigarh,https://www.redbus.in/bus-tickets/delhi-to-chandigarh,HRTC - 526,Ordinary 3+2 Non AC Seater,17:00,06h 00m,23:00,3.9,INR 275,33 Seats available
Delhi to Chandigarh,https://www.redbus.in/bus-tickets/delhi-to-chandigarh,HRTC - 587,Ordinary 3+2 Non AC Seater,18:25,04h 35m,23:00,3.9,INR 285,33 Seats available
Delhi to Chandigarh,https://www.redbus.in/bus-tickets/delhi-to-chandigarh,HRTC - 541,Ordinary 3+2 Non AC Seater,19:14,05h 16m,00:30,3.9,INR 290,35 Seats available
Delhi to Chandigarh,https://www.redbus.in/bus-tickets/delhi-to-chandigarh,HRTC - 549,A/C Executive (2+3),19:25,05h 15m,00:40,3.9,INR 390,35 Seats available
Delhi to Chandigarh,https://www.redbus.in/bus-tickets/delhi-to-chandigarh,HRTC - 548,Ordinary 3+2 Non AC Seater,19:31,05h 09m,00:40,3.9,INR 290,28 Seats available
Delhi to Chandigarh,https://www.redbus.in/bus-tickets/delhi-to-chandigarh,HRTC - 545,Ordinary 3+2 Non AC Seater,19:32,04h 48m,00:20,3.9,INR 275,37 Seats available
Delhi to Chandigarh,https://www.redbus.in/bus-tickets/delhi-to-chandigarh,HRTC - 301,Ordinary 3+2 Non AC Seater,19:43,04h 37m,00:20,3.9,INR 290,27 Seats available
Delhi to Chandigarh,https://www.redbus.in/bus-tickets/delhi-to-chandigarh,HRTC - 84,Himsuta AC Seater Volvo/Scania 2+2,20:15,05h 05m,01:20,3.9,INR 543,15 Seats available
Delhi to Chandigarh,https://www.redbus.in/bus-tickets/delhi-to-chandigarh,HRTC - 557,Ordinary 3+2 Non AC Seater,20:15,05h 15m,01:30,3.9,INR 290,36 Seats available
Delhi to Chandigarh,https://www.redbus.in/bus-tickets/delhi-to-chandigarh,HRTC - 547,A/C Executive (2+3),20:16,05h 09m,01:25,3.9,INR 395,39 Seats available
Delhi to Chandigarh,https://www.redbus.in/bus-tickets/delhi-to-chandigarh,HRTC - 591,A/C Executive (2+3),21:00,06h 00m,03:00,2.4,INR 400,42 Seats available
Delhi to Chandigarh,https://www.redbus.in/bus-tickets/delhi-to-chandigarh,HRTC - 567,Himsuta AC Seater Volvo/Scania 2+2,21:03,05h 27m,02:30,3.9,INR 533,6 Seats available
Delhi to Chandigarh,https://www.redbus.in/bus-tickets/delhi-to-chandigarh,HRTC - 574,Ordinary 3+2 Non AC Seater,21:14,05h 26m,02:40,3.9,INR 275,23 Seats available
Delhi to Chandigarh,https://www.redbus.in/bus-tickets/delhi-to-chandigarh,HRTC - 568,Ordinary 3+2 Non AC Seater,21:30,05h 35m,03:05,3.9,INR 290,39 Seats available
Delhi to Chandigarh,https://www.redbus.in/bus-tickets/delhi-to-chandigarh,HRTC - 571,Ordinary 3+2 Non AC Seater,21:40,04h 50m,02:30,2.3,INR 285,34 Seats available
Delhi to Chandigarh,https://www.redbus.in/bus-tickets/delhi-to-chandigarh,HRTC - 577,A/C Executive (2+3),21:40,05h 00m,02:40,3.5,INR 400,43 Seats available
Delhi to Chandigarh,https://www.redbus.in/bus-tickets/delhi-to-chandigarh,HRTC - 600,Himsuta AC Seater Volvo/Scania 2+2,21:50,06h 10m,04:00,3.9,INR 533,29 Seats available
Delhi to Chandigarh,https://www.redbus.in/bus-tickets/delhi-to-chandigarh,HRTC - 579,Ordinary 3+2 Non AC Seater,22:30,04h 30m,03:00,3.9,INR 285,27 Seats available
Delhi to Chandigarh,https://www.redbus.in/bus-tickets/delhi-to-chandigarh,HRTC - 580,Ordinary 3+2 Non AC Seater,22:45,05h 05m,03:50,3.9,INR 290,37 Seats available
Delhi to Chandigarh,https://www.redbus.in/bus-tickets/delhi-to-chandigarh,HRTC - 576,A/C Executive (2+3),23:20,02h 45m,02:05,2.0,INR 390,46 Seats available
Delhi to Chandigarh,https://www.redbus.in/bus-tickets/delhi-to-chandigarh,HRTC - 564,Ordinary 3+2 Non AC Seater,23:40,06h 00m,05:40,3.0,INR 290,37 Seats available
Delhi to Chandigarh,https://www.redbus.in/bus-tickets/delhi-to-chandigarh,RSRTC - 183801,Express Non AC Seater 2+3,15:30,05h 30m,21:00,3.6,INR 320,41 Seats available
Delhi to Chandigarh,https://www.redbus.in/bus-tickets/delhi-to-chandigarh,NueGo,A/C Seater (2+2),14:30,05h 05m,19:35,3.8,333,19 Seats available
Delhi to Chandigarh,https://www.redbus.in/bus-tickets/delhi-to-chandigarh,NueGo,A/C Seater (2+2),15:30,05h 05m,20:35,4.0,333,40 Seats available
Delhi to Chandigarh,https://www.redbus.in/bus-tickets/delhi-to-chandigarh,City Land Travels,Volvo A/C Semi Sleeper (2+2),15:30,06h 00m,21:30,3.5,450,30 Seats available
Delhi to Chandigarh,https://www.redbus.in/bus-tickets/delhi-to-chandigarh,FlixBus,AC Seater (2+2),16:00,06h 10m,22:10,4.5,INR 225,22 Seats available
Delhi to Chandigarh,https://www.redbus.in/bus-tickets/delhi-to-chandigarh,NueGo,A/C Seater (2+2),16:30,05h 25m,21:55,4.0,333,33 Seats available
Delhi to Chandigarh,https://www.redbus.in/bus-tickets/delhi-to-chandigarh,Zingbus Plus,Volvo A/C Semi Sleeper (2+2),17:30,06h 00m,23:30,4.7,466,23 Seats available
Delhi to Chandigarh,https://www.redbus.in/bus-tickets/delhi-to-chandigarh,Laxmi holidays,Bharat Benz A/C Seater /Sleeper (2+1),17:00,06h 05m,23:05,4.4,INR 409,19 Seats available
Delhi to Chandigarh,https://www.redbus.in/bus-tickets/delhi-to-chandigarh,Laxmi holidays,Volvo 9600 A/C Semi Sleeper (2+2),17:00,05h 50m,22:50,4.6,INR 499,28 Seats available
Delhi to Chandigarh,https://www.redbus.in/bus-tickets/delhi-to-chandigarh,NueGo,A/C Seater (2+2),17:30,05h 05m,22:35,4.1,333,39 Seats available
Delhi to Chandigarh,https://www.redbus.in/bus-tickets/delhi-to-chandigarh,NueGo,Electric A/C Seater (2+2),17:40,06h 55m,00:35,3.8,285,33 Seats available
Delhi to Chandigarh,https://www.redbus.in/bus-tickets/delhi-to-chandigarh,Laxmi holidays,Volvo 9600 A/C Semi Sleeper (2+2),18:00,05h 30m,23:30,4.7,INR 499,23 Seats available
Delhi to Chandigarh,https://www.redbus.in/bus-tickets/delhi-to-chandigarh,Orbit Aviation Pvt Ltd,Mercedes Multi-Axle Semi Sleeper (2+2),20:30,05h 15m,01:45,3.2,349,44 Seats available
Delhi to Chandigarh,https://www.redbus.in/bus-tickets/delhi-to-chandigarh,Holiday Appeal Private Limited,Bharat Benz A/C Semi Sleeper (2+2),18:00,04h 45m,22:45,4.2,INR 599,32 Seats available
Delhi to Chandigarh,https://www.redbus.in/bus-tickets/delhi-to-chandigarh,Kartar Travels Private Limited,Volvo A/C Semi Sleeper (2+2),20:30,05h 00m,01:30,3.2,540,29 Seats available
Delhi to Chandigarh,https://www.redbus.in/bus-tickets/delhi-to-chandigarh,Laxmi holidays,Bharat Benz A/C Sleeper (2+1),18:00,05h 30m,23:30,4.7,INR 699,14 Seats available
Delhi to Chandigarh,https://www.redbus.in/bus-tickets/delhi-to-chandigarh,Subh Yatri Holidays,Volvo A/C Semi Sleeper (2+2),18:00,06h 15m,00:15,3.0,INR 599,5 Seats available
Delhi to Chandigarh,https://www.redbus.in/bus-tickets/delhi-to-chandigarh,Ashok Bus Service,VE A/C Seater / Sleeper (2+1),18:20,05h 35m,23:55,3.5,508,30 Seats available
Delhi to Chandigarh,https://www.redbus.in/bus-tickets/delhi-to-chandigarh,Ram Dalal Holidays,Bharat Benz A/C Sleeper (2+1),18:30,05h 35m,00:05,3.9,523,9 Seats available
Delhi to Chandigarh,https://www.redbus.in/bus-tickets/delhi-to-chandigarh,Laxmi holidays,Scania Multi-Axle AC Semi Sleeper (2+2),18:30,05h 15m,23:45,4.6,INR 500,30 Seats available
Delhi to Chandigarh,https://www.redbus.in/bus-tickets/delhi-to-chandigarh,Laxmi holidays,Volvo 9600 Multi-Axle A/C Sleeper (2+1),18:30,05h 20m,23:50,4.5,INR 609,19 Seats available
Delhi to Chandigarh,https://www.redbus.in/bus-tickets/delhi-to-chandigarh,Zakir Flights,Volvo A/C Semi Sleeper (2+2),19:00,05h 30m,00:30,3.1,584,31 Seats available
Delhi to Chandigarh,https://www.redbus.in/bus-tickets/delhi-to-chandigarh,FlixBus,AC Seater (2+2),18:35,06h 15m,00:50,4.1,INR 483.04,22 Seats available
Delhi to Chandigarh,https://www.redbus.in/bus-tickets/delhi-to-chandigarh,Reo India Travels,Volvo A/C B11R Multi Axle Semi Sleeper (2+2),18:40,04h 24m,23:04,4.5,665,20 Seats available
Delhi to Chandigarh,https://www.redbus.in/bus-tickets/delhi-to-chandigarh,City Land Travels,Volvo A/C Semi Sleeper (2+2),20:30,05h 00m,01:30,3.3,719,3 Seats available
Delhi to Chandigarh,https://www.redbus.in/bus-tickets/delhi-to-chandigarh,Orbit Aviation Pvt Ltd,Mercedes Multi-Axle Semi Sleeper (2+2),20:30,05h 25m,01:55,3.2,349,44 Seats available
Delhi to Chandigarh,https://www.redbus.in/bus-tickets/delhi-to-chandigarh,Bedi Travels,Volvo 9600 A/C Semi Sleeper (2+2),21:45,04h 45m,02:30,5.0,585,6 Seats available
Delhi to Chandigarh,https://www.redbus.in/bus-tickets/delhi-to-chandigarh,City Land Travels,Volvo A/C Semi Sleeper (2+2),22:40,04h 20m,03:00,3.5,540,32 Seats available
Delhi to Chandigarh,https://www.redbus.in/bus-tickets/delhi-to-chandigarh,RK Holiday,A/C Seater / Sleeper (2+2),18:40,04h 40m,23:20,3.1,INR 499,39 Seats available
Delhi to Chandigarh,https://www.redbus.in/bus-tickets/delhi-to-chandigarh,Reo India Travels,Volvo 9600 Multi Axle Semi-Sleeper (2+2),18:45,04h 24m,23:09,4.0,618,25 Seats available
Delhi to Chandigarh,https://www.redbus.in/bus-tickets/delhi-to-chandigarh,Bharmani Travels,Volvo A/C Semi Sleeper (2+2),20:15,04h 55m,01:10,4.1,575,33 Seats available
Delhi to Chandigarh,https://www.redbus.in/bus-tickets/delhi-to-chandigarh,FlixBus,Volvo A/C Seater (2+2),18:45,05h 55m,00:40,4.6,INR 616.07,13 Seats available
Delhi to Chandigarh,https://www.redbus.in/bus-tickets/delhi-to-chandigarh,Ram Dalal Holidays,Volvo A/C Semi Sleeper (2+2),19:00,05h 00m,00:00,4.9,618,31 Seats available
Delhi to Chandigarh,https://www.redbus.in/bus-tickets/delhi-to-chandigarh,City Land Travels,Volvo A/C Semi Sleeper (2+2),19:55,04h 45m,00:40,4.5,540,24 Seats available
Delhi to Chandigarh,https://www.redbus.in/bus-tickets/delhi-to-chandigarh,Laxmi holidays,Scania Multi-Axle AC Semi Sleeper (2+2),19:00,04h 55m,23:55,4.4,INR 499,33 Seats available
Delhi to Chandigarh,https://www.redbus.in/bus-tickets/delhi-to-chandigarh,Muskan Tour And Travels private Limited,Volvo Multi-Axle I-Shift B11R Semi Sleeper (2+2),22:40,04h 10m,02:50,4.0,599,35 Seats available
Delhi to Chandigarh,https://www.redbus.in/bus-tickets/delhi-to-chandigarh,Holiday Appeal Private Limited,Volvo A/C Semi Sleeper (2+2),19:00,04h 45m,23:45,4.2,INR 599,29 Seats available
Delhi to Chandigarh,https://www.redbus.in/bus-tickets/delhi-to-chandigarh,Zingbus Plus,Volvo 9600 A/C Semi Sleeper (2+2),20:30,05h 30m,02:00,4.5,540,5 Seats available
Delhi to Chandigarh,https://www.redbus.in/bus-tickets/delhi-to-chandigarh,Orbit Aviation Pvt Ltd,Mercedes Multi-Axle Semi Sleeper (2+2),20:30,04h 50m,01:20,4.0,349,43 Seats available
Delhi to Chandigarh,https://www.redbus.in/bus-tickets/delhi-to-chandigarh,Laxmi holidays,Volvo 9600 A/C Semi Sleeper (2+2),19:00,04h 55m,23:55,4.6,INR 500,41 Seats available
Chandigarh to Delhi,https://www.redbus.in/bus-tickets/chandigarh-to-delhi,Chandigarh Transport Undertaking (CTU) - 165709,HVAC Seater (2+3),14:30,05h 35m,20:05,3.7,INR 414.3,43 Seats available
Chandigarh to Delhi,https://www.redbus.in/bus-tickets/chandigarh-to-delhi,Chandigarh Transport Undertaking (CTU) - 165722,HVAC Seater (2+3),16:30,05h 35m,22:05,2.9,INR 414.3,47 Seats available
Chandigarh to Delhi,https://www.redbus.in/bus-tickets/chandigarh-to-delhi,Chandigarh Transport Undertaking (CTU) - 165724,HVAC Seater (2+3),17:00,05h 35m,22:35,3.9,INR 414.3,47 Seats available
Chandigarh to Delhi,https://www.redbus.in/bus-tickets/chandigarh-to-delhi,Chandigarh Transport Undertaking (CTU) - 165726,HVAC Seater (2+3),17:30,05h 35m,23:05,3.6,INR 414.3,47 Seats available
Chandigarh to Delhi,https://www.redbus.in/bus-tickets/chandigarh-to-delhi,NueGo,Electric A/C Seater/Sleeper (2+1),13:15,05h 15m,18:30,3.4,384,11 Seats available
Chandigarh to Delhi,https://www.redbus.in/bus-tickets/chandigarh-to-delhi,Laxmi holidays,Volvo A/C Semi Sleeper (2+2),13:40,05h 20m,19:00,4.2,INR 649,10 Seats available
Chandigarh to Delhi,https://www.redbus.in/bus-tickets/chandigarh-to-delhi,NueGo,A/C Seater (2+2),14:30,05h 30m,20:00,3.8,384,25 Seats available
Chandigarh to Delhi,https://www.redbus.in/bus-tickets/chandigarh-to-delhi,NueGo,A/C Seater (2+2),15:30,05h 30m,21:00,3.7,384,35 Seats available
Chandigarh to Delhi,https://www.redbus.in/bus-tickets/chandigarh-to-delhi,NueGo,A/C Seater (2+2),16:30,05h 25m,21:55,3.6,384,36 Seats available
Chandigarh to Delhi,https://www.redbus.in/bus-tickets/chandigarh-to-delhi,Laxmi holidays,Bharat Benz A/C Seater /Sleeper (2+1),16:30,06h 00m,22:30,3.2,INR 499,25 Seats available
Chandigarh to Delhi,https://www.redbus.in/bus-tickets/chandigarh-to-delhi,NueGo,A/C Seater (2+2),17:30,05h 25m,22:55,4.0,384,38 Seats available
Chandigarh to Delhi,https://www.redbus.in/bus-tickets/chandigarh-to-delhi,Orbit Aviation Pvt Ltd,Mercedes Multi-Axle Semi Sleeper (2+2),18:00,05h 30m,23:30,3.8,399,25 Seats available
Chandigarh to Delhi,https://www.redbus.in/bus-tickets/chandigarh-to-delhi,NueGo,A/C Seater (2+2),18:30,05h 25m,23:55,3.9,384,34 Seats available
Chandigarh to Delhi,https://www.redbus.in/bus-tickets/chandigarh-to-delhi,NueGo,Electric A/C Seater (2+2),19:00,06h 10m,01:10,4.1,285,36 Seats available
Chandigarh to Delhi,https://www.redbus.in/bus-tickets/chandigarh-to-delhi,NueGo,A/C Seater (2+2),20:00,05h 20m,01:20,4.0,384,29 Seats available
Chandigarh to Delhi,https://www.redbus.in/bus-tickets/chandigarh-to-delhi,Khurana Bus Service,Volvo A/C (2+2),21:50,04h 55m,02:45,3.4,INR 500,30 Seats available
Chandigarh to Delhi,https://www.redbus.in/bus-tickets/chandigarh-to-delhi,NueGo,Electric A/C Seater/Sleeper (2+1),22:00,05h 15m,03:15,3.8,447,26 Seats available
Chandigarh to Delhi,https://www.redbus.in/bus-tickets/chandigarh-to-delhi,Reo India Travels,Volvo 9600 Multi Axle Semi-Sleeper (2+2),22:19,05h 41m,04:00,4.0,618,32 Seats available
Chandigarh to Delhi,https://www.redbus.in/bus-tickets/chandigarh-to-delhi,Laxmi holidays,Scania Multi-Axle AC Semi Sleeper (2+2),23:00,05h 30m,04:30,4.6,INR 599,30 Seats available
Chandigarh to Delhi,https://www.redbus.in/bus-tickets/chandigarh-to-delhi,NueGo,A/C Seater (2+2),23:00,05h 15m,04:15,4.2,384,37 Seats available
Chandigarh to Delhi,https://www.redbus.in/bus-tickets/chandigarh-to-delhi,City Land Travels,Volvo A/C Semi Sleeper (2+2),23:00,05h 40m,04:40,3.7,450,35 Seats available
Chandigarh to Delhi,https://www.redbus.in/bus-tickets/chandigarh-to-delhi,Laxmi holidays,Volvo 9600 A/C Semi Sleeper (2+2),23:00,05h 20m,04:20,4.7,INR 599,17 Seats available
Chandigarh to Delhi,https://www.redbus.in/bus-tickets/chandigarh-to-delhi,Zingbus Plus,Bharat Benz A/C Semi Sleeper (2+2),23:10,06h 00m,05:10,3.5,701,33 Seats available
Chandigarh to Delhi,https://www.redbus.in/bus-tickets/chandigarh-to-delhi,Deltin Travels Pvt Ltd,Bharat Benz A/C Seater /Sleeper (2+1),23:25,05h 35m,05:00,3.1,INR 499,33 Seats available
Chandigarh to Delhi,https://www.redbus.in/bus-tickets/chandigarh-to-delhi,Laxmi holidays,Volvo Multi-Axle A/C Semi Sleeper (2+2),23:30,05h 20m,04:50,4.5,INR 499,47 Seats available
Chandigarh to Delhi,https://www.redbus.in/bus-tickets/chandigarh-to-delhi,Laxmi holidays,Scania Multi-Axle AC Semi Sleeper (2+2),23:35,04h 55m,04:30,4.8,INR 499,28 Seats available
Chandigarh to Delhi,https://www.redbus.in/bus-tickets/chandigarh-to-delhi,Laxmi holidays,Bharat Benz A/C Seater /Sleeper (2+1),23:40,05h 05m,04:45,4.6,INR 485,30 Seats available
Chandigarh to Delhi,https://www.redbus.in/bus-tickets/chandigarh-to-delhi,NueGo,Electric A/C Seater/Sleeper (2+1),23:45,05h 15m,05:00,3.4,447,25 Seats available
Chandigarh to Delhi,https://www.redbus.in/bus-tickets/chandigarh-to-delhi,Zingbus Plus,Bharat Benz A/C Semi Sleeper (2+2),23:45,05h 25m,05:10,4.7,458,35 Seats available
Chandigarh to Delhi,https://www.redbus.in/bus-tickets/chandigarh-to-delhi,Laxmi holidays,Volvo 9600 A/C Semi Sleeper (2+2),23:50,05h 00m,04:50,4.6,INR 499,35 Seats available
Chandigarh to Delhi,https://www.redbus.in/bus-tickets/chandigarh-to-delhi,Laxmi holidays,Scania Multi-Axle AC Semi Sleeper (2+2),23:55,04h 20m,04:15,4.8,INR 499,39 Seats available
Chandigarh to Delhi,https://www.redbus.in/bus-tickets/chandigarh-to-delhi,Reo India Travels,Volvo 9600 Multi Axle Semi-Sleeper (2+2),23:59,05h 01m,05:00,4.0,618,36 Seats available
Chandigarh to Delhi,https://www.redbus.in/bus-tickets/chandigarh-to-delhi,City Land Travels,Volvo A/C Semi Sleeper (2+2),13:19,05h 11m,18:30,2.6,349,28 Seats available
Chandigarh to Delhi,https://www.redbus.in/bus-tickets/chandigarh-to-delhi,Vijay Tour and Travels,Bharat Benz A/C Seater /Sleeper (2+1),17:40,06h 00m,23:40,2.6,629,31 Seats available
Chandigarh to Delhi,https://www.redbus.in/bus-tickets/chandigarh-to-delhi,City Land Travels,Volvo A/C Semi Sleeper (2+2),18:20,04h 55m,23:15,2.0,306,14 Seats available
Chandigarh to Delhi,https://www.redbus.in/bus-tickets/chandigarh-to-delhi,Orbit Aviation Pvt Ltd,Mercedes Multi-Axle Semi Sleeper (2+2),18:30,05h 00m,23:30,2.0,399,38 Seats available
Chandigarh to Delhi,https://www.redbus.in/bus-tickets/chandigarh-to-delhi,Orbit Aviation Pvt Ltd,Mercedes Multi-Axle Semi Sleeper (2+2),19:05,04h 25m,23:30,2.5,399,40 Seats available
Chandigarh to Delhi,https://www.redbus.in/bus-tickets/chandigarh-to-delhi,City Land Travels,Volvo A/C Semi Sleeper (2+2),20:30,06h 00m,02:30,2.8,585,20 Seats available
Chandigarh to Delhi,https://www.redbus.in/bus-tickets/chandigarh-to-delhi,Khurana Bus Service,Volvo A/C (2+2),21:15,05h 30m,02:45,2.5,INR 500,33 Seats available
Chandigarh to Delhi,https://www.redbus.in/bus-tickets/chandigarh-to-delhi,Big Bus,A/C Seater / Sleeper (2+2),23:45,05h 30m,05:15,2.7,438,33 Seats available
Chandigarh to Delhi,https://www.redbus.in/bus-tickets/chandigarh-to-delhi,Maheshwaram Travels,A/C Seater / Sleeper (2+2),23:59,08h 21m,08:20,1.4,INR 626,42 Seats available
Chandigarh to Delhi,https://www.redbus.in/bus-tickets/chandigarh-to-delhi,Indo Canadian Transport Company,A/C Sleeper (2+1),16:28,06h 32m,23:00,4.6,INR 3850,4 Seats available
Chandigarh to Delhi,https://www.redbus.in/bus-tickets/chandigarh-to-delhi,Indo Canadian Transport Company,A/C Sleeper (2+1),16:30,06h 30m,23:00,4.6,INR 3850,4 Seats available
Chandigarh to Delhi,https://www.redbus.in/bus-tickets/chandigarh-to-delhi,Indo Canadian Transport Company,Mercedes A/C Semi Sleeper (2+2),16:30,06h 30m,23:00,4.6,INR 3300,16 Seats available
Chandigarh to Delhi,https://www.redbus.in/bus-tickets/chandigarh-to-delhi,Indo Canadian Transport Company,A/C Semi Sleeper (2+2),18:28,06h 32m,01:00,4.6,INR 3300,35 Seats available
Chandigarh to Delhi,https://www.redbus.in/bus-tickets/chandigarh-to-delhi,Indo Canadian Transport Company,Mercedes A/C Semi Sleeper (2+2),18:28,06h 32m,01:00,4.6,INR 3300,7 Seats available
Chandigarh to Delhi,https://www.redbus.in/bus-tickets/chandigarh-to-delhi,Indo Canadian Transport Company,A/C Semi Sleeper (2+2),18:30,06h 30m,01:00,4.6,INR 3300,35 Seats available
Chandigarh to Delhi,https://www.redbus.in/bus-tickets/chandigarh-to-delhi,Indo Canadian Transport Company,Mercedes A/C Semi Sleeper (2+2),20:28,06h 32m,03:00,4.6,INR 3300,11 Seats available
Chandigarh to Delhi,https://www.redbus.in/bus-tickets/chandigarh-to-delhi,Indo Canadian Transport Company,Mercedes A/C Semi Sleeper (2+2),20:30,06h 30m,03:00,4.6,INR 3300,15 Seats available
Chandigarh to Delhi,https://www.redbus.in/bus-tickets/chandigarh-to-delhi,VT Bus,Scania Multi-Axle AC Semi Sleeper (2+2),22:25,04h 35m,03:00,4.4,2565,49 Seats available
Chandigarh to Delhi,https://www.redbus.in/bus-tickets/chandigarh-to-delhi,VT Bus,Scania Multi-Axle AC Semi Sleeper (2+2),22:25,04h 35m,03:00,4.4,2565,53 Seats available
Chandigarh to Delhi,https://www.redbus.in/bus-tickets/chandigarh-to-delhi,Indo Canadian Transport Company,Volvo A/C Sleeper (2+1),22:28,06h 32m,05:00,4.6,INR 3850,17 Seats available
Chandigarh to Delhi,https://www.redbus.in/bus-tickets/chandigarh-to-delhi,Indo Canadian Transport Company,Volvo A/C Sleeper (2+1),22:30,06h 30m,05:00,4.6,INR 3850,6 Seats available
Chandigarh to Delhi,https://www.redbus.in/bus-tickets/chandigarh-to-delhi,NAYAR TRAVELS (OPC) PVT LTD,A/C Sleeper (2+1),16:30,06h 45m,23:15,2.0,INR 1899,17 Seats available
Chandigarh to Delhi,https://www.redbus.in/bus-tickets/chandigarh-to-delhi,Vijay Tour and Travels,Bharat Benz A/C Sleeper (2+1),17:00,06h 30m,23:30,2.7,719,31 Seats available
Yamuna Nagar to Chandigarh,https://www.redbus.in/bus-tickets/yamuna-nagar-to-chandigarh,Chandigarh Transport Undertaking (CTU) - 165752,HVAC Seater (2+3),14:20,02h 45m,17:05,3.9,INR 195.6,43 Seats available
Yamuna Nagar to Chandigarh,https://www.redbus.in/bus-tickets/yamuna-nagar-to-chandigarh,Zimindara Travels,AC Sleeper (2+1),20:30,02h 45m,23:15,4.1,INR 599,23 Seats available
Yamuna Nagar to Chandigarh,https://www.redbus.in/bus-tickets/yamuna-nagar-to-chandigarh,SHRI KRISHNA TRAVELS (JAI SHREE GANESH YATRA CO.),VE A/C Seater / Sleeper (2+1),20:40,02h 50m,23:30,3.7,INR 799,19 Seats available
Yamuna Nagar to Chandigarh,https://www.redbus.in/bus-tickets/yamuna-nagar-to-chandigarh,City Land Travels,Volvo A/C Semi Sleeper (2+2),22:15,03h 00m,01:15,3.5,810,17 Seats available
Yamuna Nagar to Chandigarh,https://www.redbus.in/bus-tickets/yamuna-nagar-to-chandigarh,Vijay Tour and Travels,Bharat Benz A/C Seater /Sleeper (2+1),20:00,02h 30m,22:30,3.5,539,38 Seats available
Yamuna Nagar to Chandigarh,https://www.redbus.in/bus-tickets/yamuna-nagar-to-chandigarh,City Land Travels,A/C Seater/Sleeper (2+1),21:20,02h 00m,23:20,3.5,674,19 Seats available
Yamuna Nagar to Chandigarh,https://www.redbus.in/bus-tickets/yamuna-nagar-to-chandigarh,KN Nehra Travels,A/C Seater / Sleeper (2+1),22:50,02h 25m,01:15,3.0,INR 599,27 Seats available
Yamuna Nagar to Chandigarh,https://www.redbus.in/bus-tickets/yamuna-nagar-to-chandigarh,KN Nehra Travels,A/C Seater / Sleeper (2+1),22:50,02h 40m,01:30,3.0,INR 599,27 Seats available
Yamuna Nagar to Chandigarh,https://www.redbus.in/bus-tickets/yamuna-nagar-to-chandigarh,SHRI KRISHNA TRAVELS (JAI SHREE GANESH YATRA CO.),A/C Sleeper (2+2),23:00,01h 45m,00:45,3.7,INR 999,42 Seats available
Yamuna Nagar to Chandigarh,https://www.redbus.in/bus-tickets/yamuna-nagar-to-chandigarh,SHRI KRISHNA TRAVELS (JAI SHREE GANESH YATRA CO.),A/C Sleeper (2+2),23:00,02h 00m,01:00,3.7,INR 999,42 Seats available
Yamuna Nagar to Chandigarh,https://www.redbus.in/bus-tickets/yamuna-nagar-to-chandigarh,Om Sidh Express,Volvo A/C (2+2),20:20,03h 10m,23:30,3.3,934,29 Seats available
Ludhiana to Chandigarh,https://www.redbus.in/bus-tickets/ludhiana-to-chandigarh,Chandigarh Transport Undertaking (CTU) - 165806,HVAC Seater (2+3),16:35,02h 45m,19:20,4.2,INR 181.4,47 Seats available
Ludhiana to Chandigarh,https://www.redbus.in/bus-tickets/ludhiana-to-chandigarh,Jujhar Travels,Mercedes Benz A/C (2+2),13:10,02h 05m,15:15,4.5,INR 300,47 Seats available
Ludhiana to Chandigarh,https://www.redbus.in/bus-tickets/ludhiana-to-chandigarh,Jujhar Travels,Volvo A/C Semi Sleeper (2+2),14:00,02h 00m,16:00,4.8,INR 300,39 Seats available
Ludhiana to Chandigarh,https://www.redbus.in/bus-tickets/ludhiana-to-chandigarh,Jujhar Travels,Volvo A/C Semi Sleeper (2+2),14:25,01h 45m,16:10,3.1,INR 320,39 Seats available
Ludhiana to Chandigarh,https://www.redbus.in/bus-tickets/ludhiana-to-chandigarh,Jujhar Travels,Volvo A/C Semi Sleeper (2+2),15:25,02h 00m,17:25,4.2,INR 300,39 Seats available
Ludhiana to Chandigarh,https://www.redbus.in/bus-tickets/ludhiana-to-chandigarh,Jujhar Travels,Mercedes A/C Seater (2+2),17:20,02h 10m,19:30,4.4,INR 300,43 Seats available
Ludhiana to Chandigarh,https://www.redbus.in/bus-tickets/ludhiana-to-chandigarh,Jujhar Travels,Mercedes A/C Seater (2+2),18:00,01h 50m,19:50,4.0,INR 300,33 Seats available
Ludhiana to Chandigarh,https://www.redbus.in/bus-tickets/ludhiana-to-chandigarh,Jujhar Travels,Mercedes Benz A/C (2+2),18:50,02h 00m,20:50,3.5,INR 300,49 Seats available
Ludhiana to Chandigarh,https://www.redbus.in/bus-tickets/ludhiana-to-chandigarh,Vijay Tour and Travels,Bharat Benz A/C Seater /Sleeper (2+1),19:00,02h 30m,21:30,3.5,539,38 Seats available
Ludhiana to Chandigarh,https://www.redbus.in/bus-tickets/ludhiana-to-chandigarh,Shree Mahaveer Travels Jaipur,Bharat Benz A/C Seater /Sleeper (2+1),19:15,03h 20m,22:35,3.6,664,33 Seats available
Ludhiana to Chandigarh,https://www.redbus.in/bus-tickets/ludhiana-to-chandigarh,Orbit Aviation Pvt. Ltd.,Mercedes Multi-Axle Semi Sleeper (2+2),20:15,01h 40m,21:55,3.6,INR 699,53 Seats available
Ludhiana to Chandigarh,https://www.redbus.in/bus-tickets/ludhiana-to-chandigarh,Orbit Aviation Pvt. Ltd.,Mercedes Multi-Axle Semi Sleeper (2+2),20:15,01h 50m,22:05,3.6,INR 699,53 Seats available
Ludhiana to Chandigarh,https://www.redbus.in/bus-tickets/ludhiana-to-chandigarh,Vijay Tour and Travels,Volvo 9600 A/C Sleeper (2+1),21:00,03h 20m,00:20,3.3,854,17 Seats available
Ludhiana to Chandigarh,https://www.redbus.in/bus-tickets/ludhiana-to-chandigarh,SHRI KRISHNA TRAVELS (JAI SHREE GANESH YATRA CO.),VE A/C Seater / Sleeper (2+1),21:30,02h 00m,23:30,3.7,INR 1111,28 Seats available
Ludhiana to Chandigarh,https://www.redbus.in/bus-tickets/ludhiana-to-chandigarh,Zingbus Plus,Volvo A/C Semi Sleeper (2+2),23:30,03h 20m,02:50,4.5,1040,10 Seats available
Ludhiana to Chandigarh,https://www.redbus.in/bus-tickets/ludhiana-to-chandigarh,SHRI KRISHNA TRAVELS (JAI SHREE GANESH YATRA CO.),VE A/C Seater / Sleeper (2+1),21:30,02h 25m,23:55,3.7,INR 1399,28 Seats available
Ludhiana to Chandigarh,https://www.redbus.in/bus-tickets/ludhiana-to-chandigarh,Deltin Travels Pvt Ltd,Bharat Benz A/C Seater /Sleeper (2+1),21:50,01h 45m,23:35,4.1,INR 600,25 Seats available
Ludhiana to Chandigarh,https://www.redbus.in/bus-tickets/ludhiana-to-chandigarh,Deltin Travels Pvt Ltd,Bharat Benz A/C Seater /Sleeper (2+1),22:00,01h 25m,23:25,4.1,INR 499,22 Seats available
Ludhiana to Chandigarh,https://www.redbus.in/bus-tickets/ludhiana-to-chandigarh,Abtc Tour and Travels,Bharat Benz A/C Semi Sleeper (2+2),23:05,01h 15m,00:20,3.2,999,35 Seats available
Ludhiana to Chandigarh,https://www.redbus.in/bus-tickets/ludhiana-to-chandigarh,Abtc Tour and Travels,Bharat Benz A/C Semi Sleeper (2+2),23:05,00h 52m,23:57,3.2,999,35 Seats available
Ludhiana to Chandigarh,https://www.redbus.in/bus-tickets/ludhiana-to-chandigarh,Himalayan Nomad Ktc,Volvo A/C Semi Sleeper (2+2),23:05,00h 52m,23:57,3.9,1137,41 Seats available
Ludhiana to Chandigarh,https://www.redbus.in/bus-tickets/ludhiana-to-chandigarh,Himalayan Nomad Ktc,Volvo A/C Semi Sleeper (2+2),23:05,00h 50m,23:55,3.9,1137,41 Seats available
Ludhiana to Chandigarh,https://www.redbus.in/bus-tickets/ludhiana-to-chandigarh,Everest Holidays,Volvo A/C Semi Sleeper (2+2),23:15,00h 44m,23:59,3.4,1100,33 Seats available
Ludhiana to Chandigarh,https://www.redbus.in/bus-tickets/ludhiana-to-chandigarh,Muskan Tour And Travels private Limited,Volvo Multi-Axle I-Shift B11R Semi Sleeper (2+2),23:50,01h 20m,01:10,3.9,599,45 Seats available
Ludhiana to Chandigarh,https://www.redbus.in/bus-tickets/ludhiana-to-chandigarh,Laxmi holidays,Bharat Benz A/C Sleeper (2+1),23:55,02h 20m,02:15,4.9,INR 581,28 Seats available
Ludhiana to Chandigarh,https://www.redbus.in/bus-tickets/ludhiana-to-chandigarh,Golden Temple Express Volvo,Volvo Multi-Axle A/C Semi Sleeper (2+2),23:58,01h 32m,01:30,3.6,599,33 Seats available
Ludhiana to Chandigarh,https://www.redbus.in/bus-tickets/ludhiana-to-chandigarh,Golden Temple Express Volvo,Volvo Multi-Axle A/C Semi Sleeper (2+2),23:58,01h 27m,01:25,3.6,599,37 Seats available
Ludhiana to Chandigarh,https://www.redbus.in/bus-tickets/ludhiana-to-chandigarh,Ankush travels,Bharat Benz A/C Seater / Sleeper (2+2),13:30,02h 15m,15:45,1.1,1666,50 Seats available
Chandigarh to Hamirpur (Himachal Pradesh),https://www.redbus.in/bus-tickets/chandigarh-to-hamirpur-himachal-pradesh,HRTC - 1516,A/C Executive (2+3),15:00,03h 50m,18:50,4.2,INR 340,31 Seats available
Chandigarh to Hamirpur (Himachal Pradesh),https://www.redbus.in/bus-tickets/chandigarh-to-hamirpur-himachal-pradesh,HRTC - 1468,Ordinary 3+2 Non AC Seater,15:30,05h 50m,21:20,3.9,INR 302,37 Seats available
Chandigarh to Hamirpur (Himachal Pradesh),https://www.redbus.in/bus-tickets/chandigarh-to-hamirpur-himachal-pradesh,HRTC - 1546,Ordinary 3+2 Non AC Seater,16:25,04h 50m,21:15,2.5,INR 334,27 Seats available
Chandigarh to Hamirpur (Himachal Pradesh),https://www.redbus.in/bus-tickets/chandigarh-to-hamirpur-himachal-pradesh,HRTC - 9235,A/C Executive (2+3),16:40,05h 20m,22:00,4.7,INR 399,44 Seats available
Chandigarh to Hamirpur (Himachal Pradesh),https://www.redbus.in/bus-tickets/chandigarh-to-hamirpur-himachal-pradesh,HRTC - 401670,Ordinary 3+2 Non AC Seater,18:00,04h 00m,22:00,3.0,INR 310,31 Seats available
Chandigarh to Hamirpur (Himachal Pradesh),https://www.redbus.in/bus-tickets/chandigarh-to-hamirpur-himachal-pradesh,HRTC - 1549,Ordinary 3+2 Non AC Seater,18:15,06h 45m,01:00,3.9,INR 362,37 Seats available
Chandigarh to Baijnath,https://www.redbus.in/bus-tickets/chandigarh-to-baijnath,HRTC - 1514,Ordinary 3+2 Non AC Seater,16:00,08h 45m,00:45,3.3,INR 543,36 Seats available
Chandigarh to Baijnath,https://www.redbus.in/bus-tickets/chandigarh-to-baijnath,HRTC - 1505,Ordinary 3+2 Non AC Seater,20:16,07h 44m,04:00,3.7,INR 513,37 Seats available
Chandigarh to Baijnath,https://www.redbus.in/bus-tickets/chandigarh-to-baijnath,HRTC - 1150,Ordinary 3+2 Non AC Seater,20:30,08h 45m,05:15,3.9,INR 518,37 Seats available
Chandigarh to Baijnath,https://www.redbus.in/bus-tickets/chandigarh-to-baijnath,Chandigarh Transport Undertaking (CTU) - 165825,HVAC Seater (2+3),20:08,09h 00m,05:08,3.7,INR 611.4,47 Seats available
Chandigarh to Baijnath,https://www.redbus.in/bus-tickets/chandigarh-to-baijnath,Laxmi holidays,Scania Multi-Axle AC Semi Sleeper (2+2),23:55,06h 35m,06:30,4.5,INR 499,27 Seats available
Hamirpur (Himachal Pradesh) to Chandigarh,https://www.redbus.in/bus-tickets/hamirpur-himachal-pradesh-to-chandigarh,HRTC - 620,Ordinary 3+2 Non AC Seater,15:10,05h 30m,20:40,3.9,INR 364,34 Seats available
Hamirpur (Himachal Pradesh) to Chandigarh,https://www.redbus.in/bus-tickets/hamirpur-himachal-pradesh-to-chandigarh,HRTC - 603,Ordinary 3+2 Non AC Seater,16:40,06h 40m,23:20,3.9,INR 378,36 Seats available
Hamirpur (Himachal Pradesh) to Chandigarh,https://www.redbus.in/bus-tickets/hamirpur-himachal-pradesh-to-chandigarh,HRTC - 401270,Ordinary 3+2 Non AC Seater,17:05,04h 00m,21:05,3.9,INR 310,36 Seats available
Hamirpur (Himachal Pradesh) to Chandigarh,https://www.redbus.in/bus-tickets/hamirpur-himachal-pradesh-to-chandigarh,HRTC - 621,Ordinary 3+2 Non AC Seater,17:10,04h 50m,22:00,3.9,INR 364,28 Seats available
Hamirpur (Himachal Pradesh) to Chandigarh,https://www.redbus.in/bus-tickets/hamirpur-himachal-pradesh-to-chandigarh,HRTC - 955,Ordinary 3+2 Non AC Seater,17:40,06h 15m,23:55,3.9,INR 334,37 Seats available
Hamirpur (Himachal Pradesh) to Chandigarh,https://www.redbus.in/bus-tickets/hamirpur-himachal-pradesh-to-chandigarh,HRTC - 622,Ordinary 3+2 Non AC Seater,21:15,05h 15m,02:30,2.0,INR 369,37 Seats available
Hamirpur (Himachal Pradesh) to Chandigarh,https://www.redbus.in/bus-tickets/hamirpur-himachal-pradesh-to-chandigarh,Laxmi holidays,Volvo A/C Semi Sleeper (2+2),20:20,04h 55m,01:15,3.3,INR 549,13 Seats available
Hamirpur (Himachal Pradesh) to Chandigarh,https://www.redbus.in/bus-tickets/hamirpur-himachal-pradesh-to-chandigarh,Northern Travels,Volvo A/C Semi Sleeper (2+2),21:45,03h 45m,01:30,3.1,627,8 Seats available
Hamirpur (Himachal Pradesh) to Chandigarh,https://www.redbus.in/bus-tickets/hamirpur-himachal-pradesh-to-chandigarh,Ram Dalal Holidays,Volvo A/C Semi Sleeper (2+2),22:00,05h 10m,03:10,4.5,637,17 Seats available
Hamirpur (Himachal Pradesh) to Chandigarh,https://www.redbus.in/bus-tickets/hamirpur-himachal-pradesh-to-chandigarh,Bedi Travels,Volvo A/C Semi Sleeper (2+2),22:05,04h 00m,02:05,4.8,701,20 Seats available
Hamirpur (Himachal Pradesh) to Chandigarh,https://www.redbus.in/bus-tickets/hamirpur-himachal-pradesh-to-chandigarh,Laxmi holidays,Volvo A/C Semi Sleeper (2+2),22:20,04h 55m,03:15,4.4,INR 550,30 Seats available
Hamirpur (Himachal Pradesh) to Chandigarh,https://www.redbus.in/bus-tickets/hamirpur-himachal-pradesh-to-chandigarh,Himalayan Nomad Ktc,Volvo A/C Semi Sleeper (2+2),22:30,04h 05m,02:35,3.9,699,38 Seats available
Hamirpur (Himachal Pradesh) to Chandigarh,https://www.redbus.in/bus-tickets/hamirpur-himachal-pradesh-to-chandigarh,Himalayan Nomad Ktc,Volvo A/C Semi Sleeper (2+2),23:00,04h 05m,03:05,3.9,656,34 Seats available
Hamirpur (Himachal Pradesh) to Chandigarh,https://www.redbus.in/bus-tickets/hamirpur-himachal-pradesh-to-chandigarh,Ram Dalal Holidays,Volvo A/C Semi Sleeper (2+2),21:15,04h 05m,01:20,4.5,789,5 Seats available
Chandigarh to Ludhiana,https://www.redbus.in/bus-tickets/chandigarh-to-ludhiana,Chandigarh Transport Undertaking (CTU) - 165805,HVAC Seater (2+3),13:14,02h 45m,15:59,4.8,INR 181.4,47 Seats available
Chandigarh to Ludhiana,https://www.redbus.in/bus-tickets/chandigarh-to-ludhiana,Chandigarh Transport Undertaking (CTU) - 165807,HVAC Seater (2+3),16:59,02h 45m,19:44,4.6,INR 181.4,47 Seats available
Chandigarh to Ludhiana,https://www.redbus.in/bus-tickets/chandigarh-to-ludhiana,Jujhar Travels,Volvo A/C Semi Sleeper (2+2),14:13,02h 10m,16:23,4.4,INR 300,43 Seats available
Chandigarh to Ludhiana,https://www.redbus.in/bus-tickets/chandigarh-to-ludhiana,Orbit Aviation Pvt. Ltd.,Mercedes Multi-Axle Semi Sleeper (2+2),14:55,01h 55m,16:50,4.0,INR 286,45 Seats available
Chandigarh to Ludhiana,https://www.redbus.in/bus-tickets/chandigarh-to-ludhiana,Jujhar Travels,Mercedes A/C Seater (2+2),15:00,02h 15m,17:15,3.4,INR 300,41 Seats available
Chandigarh to Ludhiana,https://www.redbus.in/bus-tickets/chandigarh-to-ludhiana,Jujhar Travels,Volvo A/C Semi Sleeper (2+2),15:25,02h 05m,17:30,4.2,INR 300,38 Seats available
Chandigarh to Ludhiana,https://www.redbus.in/bus-tickets/chandigarh-to-ludhiana,Jujhar Travels,Volvo A/C Semi Sleeper (2+2),15:50,02h 15m,18:05,4.4,INR 300,41 Seats available
Chandigarh to Ludhiana,https://www.redbus.in/bus-tickets/chandigarh-to-ludhiana,Jujhar Travels,Volvo A/C Semi Sleeper (2+2),16:20,02h 10m,18:30,4.0,INR 300,39 Seats available
Chandigarh to Ludhiana,https://www.redbus.in/bus-tickets/chandigarh-to-ludhiana,Jujhar Travels,Volvo A/C Semi Sleeper (2+2),17:10,01h 55m,19:05,4.1,INR 300,39 Seats available
Chandigarh to Ludhiana,https://www.redbus.in/bus-tickets/chandigarh-to-ludhiana,Jujhar Travels,Volvo A/C Semi Sleeper (2+2),17:25,02h 35m,20:00,4.1,INR 300,43 Seats available
Chandigarh to Ludhiana,https://www.redbus.in/bus-tickets/chandigarh-to-ludhiana,Jujhar Travels,Volvo A/C Semi Sleeper (2+2),18:20,02h 00m,20:20,3.8,INR 300,40 Seats available
Chandigarh to Ludhiana,https://www.redbus.in/bus-tickets/chandigarh-to-ludhiana,FlixBus,Bharat Benz A/C Sleeper (2+1),23:10,02h 00m,01:10,4.1,INR 847.32,6 Seats available
Chandigarh to Ludhiana,https://www.redbus.in/bus-tickets/chandigarh-to-ludhiana,Orbit Aviation Pvt. Ltd.,Mercedes Multi-Axle Semi Sleeper (2+2),17:55,02h 05m,20:00,2.5,INR 276,45 Seats available
Chandigarh to Ludhiana,https://www.redbus.in/bus-tickets/chandigarh-to-ludhiana,Orbit Aviation Pvt Ltd,Mercedes Multi-Axle Semi Sleeper (2+2),18:55,02h 00m,20:55,2.0,449,30 Seats available
Chandigarh to Ludhiana,https://www.redbus.in/bus-tickets/chandigarh-to-ludhiana,AMBIKA MISHRA TRAVELS,AC Sleeper (2+1),20:40,01h 40m,22:20,2.4,285,28 Seats available
Chandigarh to Ludhiana,https://www.redbus.in/bus-tickets/chandigarh-to-ludhiana,Rajpreet Travels and cargo,A/C Sleeper (2+1),19:00,02h 30m,21:30,3.3,INR 950,27 Seats available
Chandigarh to Ludhiana,https://www.redbus.in/bus-tickets/chandigarh-to-ludhiana,Zimindara Travels,AC Sleeper (2+1),20:00,02h 20m,22:20,4.1,INR 714,24 Seats available
Chandigarh to Ludhiana,https://www.redbus.in/bus-tickets/chandigarh-to-ludhiana,Rajpreet Travels and cargo,A/C Sleeper (2+1),20:00,02h 00m,22:00,3.3,INR 666,36 Seats available
Chandigarh to Ludhiana,https://www.redbus.in/bus-tickets/chandigarh-to-ludhiana,Tantia Travels & Cargo,A/C Seater / Sleeper (2+1),20:15,02h 00m,22:15,3.8,INR 666,31 Seats available
Chandigarh to Ludhiana,https://www.redbus.in/bus-tickets/chandigarh-to-ludhiana,NAYAR TRAVELS (OPC) PVT LTD,A/C Sleeper (2+1),16:30,00h 01m,16:31,0,INR 1650,23 Seats available
Chandigarh to Dehradun,https://www.redbus.in/bus-tickets/chandigarh-to-dehradun,NueGo,A/C Seater (2+2),18:00,04h 55m,22:55,4.1,382,35 Seats available
Chandigarh to Dehradun,https://www.redbus.in/bus-tickets/chandigarh-to-dehradun,NueGo,A/C Seater (2+2),19:00,03h 55m,22:55,4.5,382,35 Seats available
Chandigarh to Dehradun,https://www.redbus.in/bus-tickets/chandigarh-to-dehradun,Zimindara Travels,AC Sleeper (2+1),23:00,06h 30m,05:30,3.5,INR 749,18 Seats available
Chandigarh to Dehradun,https://www.redbus.in/bus-tickets/chandigarh-to-dehradun,SHRI KRISHNA TRAVELS (JAI SHREE GANESH YATRA CO.),VE A/C Seater / Sleeper (2+1),23:30,05h 30m,05:00,3.7,INR 1099,24 Seats available
Chandigarh to Dehradun,https://www.redbus.in/bus-tickets/chandigarh-to-dehradun,Laxmi holidays,VE A/C Semi Sleeper (2+2),23:55,05h 50m,05:45,4.4,INR 799,25 Seats available
Chandigarh to Dehradun,https://www.redbus.in/bus-tickets/chandigarh-to-dehradun,City Land Travels,Volvo A/C Semi Sleeper (2+2),23:55,06h 05m,06:00,4.5,405,19 Seats available
Chandigarh to Dehradun,https://www.redbus.in/bus-tickets/chandigarh-to-dehradun,SHRI KRISHNA TRAVELS (JAI SHREE GANESH YATRA CO.),VE A/C Seater / Sleeper (2+1),23:55,05h 05m,05:00,3.7,INR 1099,24 Seats available
Chandigarh to Dehradun,https://www.redbus.in/bus-tickets/chandigarh-to-dehradun,SHRI KRISHNA TRAVELS (JAI SHREE GANESH YATRA CO.),A/C Sleeper (2+2),23:59,04h 31m,04:30,3.7,INR 1199,40 Seats available
Chandigarh to Sujanpur (himachal pradesh),https://www.redbus.in/bus-tickets/chandigarh-to-sujanpur,HRTC - 1548,Ordinary 3+2 Non AC Seater,14:20,06h 25m,20:45,3.9,INR 373,37 Seats available
Chandigarh to Sujanpur (himachal pradesh),https://www.redbus.in/bus-tickets/chandigarh-to-sujanpur,HRTC - 1528,Ordinary 3+2 Non AC Seater,18:40,05h 50m,00:30,3.9,INR 381,27 Seats available
Chandigarh to Vrindavan,https://www.redbus.in/bus-tickets/chandigarh-to-vrindavan,Chandigarh Transport Undertaking (CTU) - 165938,HVAC Seater (2+3),20:00,09h 45m,05:45,3.8,INR 634.7,33 Seats available
Chandigarh to Vrindavan,https://www.redbus.in/bus-tickets/chandigarh-to-vrindavan,Vijay Tour and Travels,Bharat Benz A/C Seater /Sleeper (2+1),17:40,08h 10m,01:50,2.3,1079,31 Seats available
Chandigarh to Vrindavan,https://www.redbus.in/bus-tickets/chandigarh-to-vrindavan,GK Travels,A/C Seater/Sleeper (2+1),16:00,08h 00m,00:00,3.7,1424,24 Seats available
Chandigarh to Vrindavan,https://www.redbus.in/bus-tickets/chandigarh-to-vrindavan,NAYAR TRAVELS (OPC) PVT LTD,A/C Sleeper (2+1),16:30,08h 00m,00:30,2.0,INR 1899,34 Seats available
Chandigarh to Pathankot,https://www.redbus.in/bus-tickets/chandigarh-to-pathankot,HRTC - 1517,Ordinary 3+2 Non AC Seater,15:35,07h 30m,23:05,3.7,INR 461,37 Seats available
Chandigarh to Pathankot,https://www.redbus.in/bus-tickets/chandigarh-to-pathankot,HRTC - 1525,A/C Executive (2+3),18:30,07h 00m,01:30,3.2,INR 482,44 Seats available
Chandigarh to Pathankot,https://www.redbus.in/bus-tickets/chandigarh-to-pathankot,Orbit Aviation Pvt Ltd,Mercedes Multi-Axle Semi Sleeper (2+2),13:55,05h 05m,19:00,3.2,499,36 Seats available
Chandigarh to Pathankot,https://www.redbus.in/bus-tickets/chandigarh-to-pathankot,Orbit Aviation Pvt Ltd,Mercedes Multi-Axle Semi Sleeper (2+2),13:58,05h 02m,19:00,3.3,499,39 Seats available
Chandigarh to Pathankot,https://www.redbus.in/bus-tickets/chandigarh-to-pathankot,Khurana Bus Service,Volvo A/C (2+2),14:30,05h 00m,19:30,3.5,INR 599,18 Seats available
Chandigarh to Pathankot,https://www.redbus.in/bus-tickets/chandigarh-to-pathankot,Orbit Aviation Pvt. Ltd.,Mercedes Multi-Axle Semi Sleeper (2+2),14:40,04h 20m,19:00,3.5,INR 788,45 Seats available
Chandigarh to Pathankot,https://www.redbus.in/bus-tickets/chandigarh-to-pathankot,Orbit Aviation Pvt Ltd,Mercedes Multi-Axle Semi Sleeper (2+2),18:55,05h 00m,23:55,4.3,849,30 Seats available
Chandigarh to Pathankot,https://www.redbus.in/bus-tickets/chandigarh-to-pathankot,New Pal Travels,A/C Sleeper (2+1),19:30,07h 00m,02:30,5.0,450,32 Seats available
Chandigarh to Pathankot,https://www.redbus.in/bus-tickets/chandigarh-to-pathankot,Baru travels,A/C Seater / Sleeper (2+2),20:45,05h 15m,02:00,4.4,404,34 Seats available
Chandigarh to Pathankot,https://www.redbus.in/bus-tickets/chandigarh-to-pathankot,AdAwadh Travels,A/C Sleeper (2+1),21:15,04h 45m,02:00,3.5,539,18 Seats available
Chandigarh to Pathankot,https://www.redbus.in/bus-tickets/chandigarh-to-pathankot,Harikesh Tour N Travels,A/C Sleeper (2+1),21:00,05h 00m,02:00,3.9,481,26 Seats available
Chandigarh to Pathankot,https://www.redbus.in/bus-tickets/chandigarh-to-pathankot,SAHARA TRAVELS,A/C Seater / Sleeper (2+2),21:30,05h 30m,03:00,3.5,393,48 Seats available
Chandigarh to Pathankot,https://www.redbus.in/bus-tickets/chandigarh-to-pathankot,GOBUS,A/C Seater / Sleeper (2+2),22:05,04h 25m,02:30,3.7,338,31 Seats available
Chandigarh to Pathankot,https://www.redbus.in/bus-tickets/chandigarh-to-pathankot,Jamna Travels-Jammu,AshokLeyland Stile A/C,20:30,05h 00m,01:30,3.2,INR 550,17 Seats available
Chandigarh to Pathankot,https://www.redbus.in/bus-tickets/chandigarh-to-pathankot,Moon Light Travels Katra,A/C Sleeper (2+1),21:15,04h 45m,02:00,4.1,552,29 Seats available
Chandigarh to Pathankot,https://www.redbus.in/bus-tickets/chandigarh-to-pathankot,Radhe Travels,Bharat Benz A/C Sleeper (2+1),21:30,05h 00m,02:30,4.0,INR 499,29 Seats available
Chandigarh to Pathankot,https://www.redbus.in/bus-tickets/chandigarh-to-pathankot,Moon Light Travels Katra,A/C Sleeper (2+1),22:00,04h 00m,02:00,4.1,552,28 Seats available
Chandigarh to Pathankot,https://www.redbus.in/bus-tickets/chandigarh-to-pathankot,Vijay Tour and Travels,Bharat Benz A/C Seater /Sleeper (2+1),22:30,05h 30m,04:00,3.5,629,38 Seats available
Chandigarh to Pathankot,https://www.redbus.in/bus-tickets/chandigarh-to-pathankot,Laxmi holidays,Bharat Benz A/C Seater /Sleeper (2+1),22:50,04h 10m,03:00,4.2,INR 519,23 Seats available
Chandigarh to Pathankot,https://www.redbus.in/bus-tickets/chandigarh-to-pathankot,Goel Tourist (Regd),A/C Seater / Sleeper (2+2),23:15,04h 15m,03:30,3.0,495,37 Seats available
Chandigarh to Pathankot,https://www.redbus.in/bus-tickets/chandigarh-to-pathankot,IntrCity SmartBus,A/C Seater / Sleeper (2+1),23:00,04h 35m,03:35,4.4,INR 686,26 Seats available
Chandigarh to Pathankot,https://www.redbus.in/bus-tickets/chandigarh-to-pathankot,Zimindara Travels,AC Sleeper (2+1),23:00,04h 30m,03:30,4.7,INR 649,22 Seats available
Chandigarh to Pathankot,https://www.redbus.in/bus-tickets/chandigarh-to-pathankot,Laxmi holidays,Bharat Benz A/C Seater /Sleeper (2+1),23:05,04h 15m,03:20,4.3,INR 469,18 Seats available
Chandigarh to Pathankot,https://www.redbus.in/bus-tickets/chandigarh-to-pathankot,FlixBus,Bharat Benz A/C Sleeper (2+1),23:10,05h 25m,04:35,4.1,INR 1051.79,6 Seats available
Chandigarh to Pathankot,https://www.redbus.in/bus-tickets/chandigarh-to-pathankot,SPEED BUS,Bharat Benz A/C Seater / Sleeper (2+2),23:30,04h 10m,03:40,3.5,743,52 Seats available
Chandigarh to Pathankot,https://www.redbus.in/bus-tickets/chandigarh-to-pathankot,SHRI KRISHNA TRAVELS (JAI SHREE GANESH YATRA CO.),VE A/C Seater / Sleeper (2+1),23:30,05h 30m,05:00,3.7,INR 699,30 Seats available
Chandigarh to Pathankot,https://www.redbus.in/bus-tickets/chandigarh-to-pathankot,Laxmi holidays,Bharat Benz A/C Sleeper (2+1),23:30,04h 50m,04:20,4.0,INR 629,13 Seats available
Chandigarh to Pathankot,https://www.redbus.in/bus-tickets/chandigarh-to-pathankot,Laxmi holidays,Bharat Benz A/C Seater /Sleeper (2+1),23:35,04h 10m,03:45,4.4,INR 622,14 Seats available
Chandigarh to Pathankot,https://www.redbus.in/bus-tickets/chandigarh-to-pathankot,IntrCity SmartBus,VE A/C Seater / Sleeper (2+1),23:50,04h 55m,04:45,4.5,INR 553,10 Seats available
Chandigarh to Pathankot,https://www.redbus.in/bus-tickets/chandigarh-to-pathankot,Laxmi holidays,Volvo 9600 Multi-Axle A/C Sleeper (2+1),23:50,04h 10m,04:00,4.9,INR 981,14 Seats available
Chandigarh to Pathankot,https://www.redbus.in/bus-tickets/chandigarh-to-pathankot,RK Holiday,A/C Seater / Sleeper (2+2),23:55,03h 45m,03:40,3.1,INR 499,39 Seats available
Chandigarh to Pathankot,https://www.redbus.in/bus-tickets/chandigarh-to-pathankot,Ashok Bus Service,VE A/C Seater / Sleeper (2+1),23:55,04h 35m,04:30,4.8,INR 549,30 Seats available
Chandigarh to Pathankot,https://www.redbus.in/bus-tickets/chandigarh-to-pathankot,Jamna Travels (Delhi),A/C Seater / Sleeper (2+2),23:59,05h 16m,05:15,3.9,INR 1049,16 Seats available
Chandigarh to Pathankot,https://www.redbus.in/bus-tickets/chandigarh-to-pathankot,Orbit Aviation Pvt Ltd,Mercedes Multi-Axle Semi Sleeper (2+2),13:40,05h 20m,19:00,2.5,499,35 Seats available
Chandigarh to Pathankot,https://www.redbus.in/bus-tickets/chandigarh-to-pathankot,CAPITAL HOLIDAYS,A/C Seater / Sleeper (2+2),23:00,04h 00m,03:00,2.5,495,38 Seats available
Chandigarh to Pathankot,https://www.redbus.in/bus-tickets/chandigarh-to-pathankot,Big Bus,A/C Seater / Sleeper (2+2),23:00,04h 00m,03:00,2.7,534,29 Seats available
Chandigarh to Pathankot,https://www.redbus.in/bus-tickets/chandigarh-to-pathankot,City Land Travels,A/C Seater/Sleeper (2+1),23:20,03h 40m,03:00,1.9,486,22 Seats available
Chandigarh to Pathankot,https://www.redbus.in/bus-tickets/chandigarh-to-pathankot,Khurana Bus Service,Volvo A/C (2+2),14:50,04h 40m,19:30,2.4,INR 599,31 Seats available
Chandigarh to Pathankot,https://www.redbus.in/bus-tickets/chandigarh-to-pathankot,Orbit Aviation Pvt. Ltd.,Mercedes Multi-Axle Semi Sleeper (2+2),16:00,04h 40m,20:40,2.9,INR 788,44 Seats available
Chandigarh to Pathankot,https://www.redbus.in/bus-tickets/chandigarh-to-pathankot,Maheshwaram Travels,A/C Seater / Sleeper (2+2),21:00,09h 00m,06:00,1.4,726,35 Seats available
Chandigarh to Pathankot,https://www.redbus.in/bus-tickets/chandigarh-to-pathankot,Radhe Travels,Bharat Benz A/C Sleeper (2+1),21:20,05h 10m,02:30,2.3,INR 499,30 Seats available
Chandigarh to Pathankot,https://www.redbus.in/bus-tickets/chandigarh-to-pathankot,Lucky Bus Service,Volvo A/C Sleeper (2+2),23:45,04h 00m,03:45,3.8,1979,32 Seats available
Dehradun to Chandigarh,https://www.redbus.in/bus-tickets/dehradun-to-chandigarh,Chandigarh Transport Undertaking (CTU) - 165794,HVAC Seater (2+3),14:30,05h 40m,20:10,3.5,INR 397.5,45 Seats available
Dehradun to Chandigarh,https://www.redbus.in/bus-tickets/dehradun-to-chandigarh,Chandigarh Transport Undertaking (CTU) - 165796,HVAC Seater (2+3),15:30,05h 40m,21:10,3.6,INR 397.5,46 Seats available
Dehradun to Chandigarh,https://www.redbus.in/bus-tickets/dehradun-to-chandigarh,Laxmi holidays,Bharat Benz A/C Seater /Sleeper (2+1),16:00,06h 50m,22:50,4.6,INR 599,26 Seats available
Dehradun to Chandigarh,https://www.redbus.in/bus-tickets/dehradun-to-chandigarh,Zimindara Travels,AC Sleeper (2+1),16:00,07h 15m,23:15,4.8,INR 599,21 Seats available
Dehradun to Chandigarh,https://www.redbus.in/bus-tickets/dehradun-to-chandigarh,Laxmi holidays,Bharat Benz A/C Seater /Sleeper (2+1),16:45,06h 50m,23:35,4.4,INR 606,14 Seats available
Dehradun to Chandigarh,https://www.redbus.in/bus-tickets/dehradun-to-chandigarh,SHRI KRISHNA TRAVELS (JAI SHREE GANESH YATRA CO.),VE A/C Seater / Sleeper (2+1),17:00,06h 30m,23:30,3.2,INR 799,29 Seats available
Dehradun to Chandigarh,https://www.redbus.in/bus-tickets/dehradun-to-chandigarh,City Land Travels,A/C Seater/Sleeper (2+1),17:30,05h 50m,23:20,3.7,665,19 Seats available
Dehradun to Chandigarh,https://www.redbus.in/bus-tickets/dehradun-to-chandigarh,NueGo,A/C Seater (2+2),18:00,04h 55m,22:55,4.3,382,28 Seats available
Dehradun to Chandigarh,https://www.redbus.in/bus-tickets/dehradun-to-chandigarh,NueGo,A/C Seater (2+2),18:00,04h 05m,22:05,4.0,382,28 Seats available
Dehradun to Chandigarh,https://www.redbus.in/bus-tickets/dehradun-to-chandigarh,City Land Travels,Volvo A/C Semi Sleeper (2+2),18:15,07h 00m,01:15,3.9,810,17 Seats available
Dehradun to Chandigarh,https://www.redbus.in/bus-tickets/dehradun-to-chandigarh,KN Nehra Travels,A/C Seater / Sleeper (2+1),18:20,07h 10m,01:30,3.0,INR 599,27 Seats available
Dehradun to Chandigarh,https://www.redbus.in/bus-tickets/dehradun-to-chandigarh,KN Nehra Travels,A/C Seater / Sleeper (2+1),18:20,06h 55m,01:15,3.0,INR 599,27 Seats available
Dehradun to Chandigarh,https://www.redbus.in/bus-tickets/dehradun-to-chandigarh,Laxmi holidays,VE A/C Semi Sleeper (2+2),18:30,05h 20m,23:50,4.7,INR 799,24 Seats available
Dehradun to Chandigarh,https://www.redbus.in/bus-tickets/dehradun-to-chandigarh,Zingbus Plus,Volvo A/C Semi Sleeper (2+2),21:45,05h 05m,02:50,4.5,1415,10 Seats available
Dehradun to Chandigarh,https://www.redbus.in/bus-tickets/dehradun-to-chandigarh,SHRI KRISHNA TRAVELS (JAI SHREE GANESH YATRA CO.),A/C Sleeper (2+2),19:00,05h 45m,00:45,3.7,INR 999,40 Seats available
Dehradun to Chandigarh,https://www.redbus.in/bus-tickets/dehradun-to-chandigarh,SHRI KRISHNA TRAVELS (JAI SHREE GANESH YATRA CO.),A/C Sleeper (2+2),19:00,06h 00m,01:00,3.7,INR 999,42 Seats available
Dehradun to Chandigarh,https://www.redbus.in/bus-tickets/dehradun-to-chandigarh,SHRI KRISHNA TRAVELS (JAI SHREE GANESH YATRA CO.),A/C Sleeper (2+2),22:35,03h 55m,02:30,3.7,INR 1399,40 Seats available
Dehradun to Chandigarh,https://www.redbus.in/bus-tickets/dehradun-to-chandigarh,SHRI KRISHNA TRAVELS (JAI SHREE GANESH YATRA CO.),A/C Sleeper (2+2),22:35,04h 25m,03:00,3.7,INR 1399,40 Seats available
Dehradun to Chandigarh,https://www.redbus.in/bus-tickets/dehradun-to-chandigarh,SHRI KRISHNA TRAVELS (JAI SHREE GANESH YATRA CO.),Bharat Benz A/C Seater /Sleeper (2+1),23:20,04h 55m,04:15,3.7,INR 1499,10 Seats available
Dehradun to Chandigarh,https://www.redbus.in/bus-tickets/dehradun-to-chandigarh,SHRI KRISHNA TRAVELS (JAI SHREE GANESH YATRA CO.),A/C Sleeper (2+2),23:59,04h 01m,04:00,3.7,INR 1199,36 Seats available
Dehradun to Chandigarh,https://www.redbus.in/bus-tickets/dehradun-to-chandigarh,SHRI KRISHNA TRAVELS (JAI SHREE GANESH YATRA CO.),A/C Sleeper (2+2),23:59,04h 31m,04:30,3.7,INR 1199,36 Seats available
Dehradun to Chandigarh,https://www.redbus.in/bus-tickets/dehradun-to-chandigarh,Om Sidh Express,Volvo A/C (2+2),17:30,06h 00m,23:30,2.4,468,29 Seats available
Dehradun to Chandigarh,https://www.redbus.in/bus-tickets/dehradun-to-chandigarh,SHRI KRISHNA TRAVELS (JAI SHREE GANESH YATRA CO.),Bharat Benz A/C Seater /Sleeper (2+1),23:20,04h 40m,04:00,1.6,INR 1499,18 Seats available
Chandigarh to Dharamshala (Himachal Pradesh),https://www.redbus.in/bus-tickets/chandigarh-to-dharamshala,HRTC - 127,Himsuta AC Seater Volvo/Scania 2+2,15:40,06h 20m,22:00,4.5,INR 784,29 Seats available
Chandigarh to Dharamshala (Himachal Pradesh),https://www.redbus.in/bus-tickets/chandigarh-to-dharamshala,HRTC - 573,Himmani Deluxe 2+2 Non AC Seater,19:40,06h 20m,02:00,2.7,INR 503,20 Seats available
Chandigarh to Dharamshala (Himachal Pradesh),https://www.redbus.in/bus-tickets/chandigarh-to-dharamshala,HRTC - 91,Himsuta AC Seater Volvo/Scania 2+2,22:10,06h 30m,04:40,3.7,INR 784,34 Seats available
Chandigarh to Dharamshala (Himachal Pradesh),https://www.redbus.in/bus-tickets/chandigarh-to-dharamshala,Laxmi holidays,VE A/C Semi Sleeper (2+2),23:50,05h 40m,05:30,4.5,INR 899,25 Seats available
Chandigarh to Dharamshala (Himachal Pradesh),https://www.redbus.in/bus-tickets/chandigarh-to-dharamshala,Laxmi holidays,Volvo 9600 A/C Semi Sleeper (2+2),23:55,06h 05m,06:00,4.7,INR 650,26 Seats available
Chandigarh to Dharamshala (Himachal Pradesh),https://www.redbus.in/bus-tickets/chandigarh-to-dharamshala,Laxmi holidays,Volvo 9600 A/C Semi Sleeper (2+2),23:55,06h 04m,05:59,4.5,INR 650,30 Seats available
Chandigarh to Dharamshala (Himachal Pradesh),https://www.redbus.in/bus-tickets/chandigarh-to-dharamshala,Asian's Shina Tour & Travels (Swoyambhu Manjushree Yatayat P. LTD),NON A/C Semi Sleeper (2+2),23:55,06h 36m,06:31,2.5,INR 999,29 Seats available
Chandigarh to Dharamshala (Himachal Pradesh),https://www.redbus.in/bus-tickets/chandigarh-to-dharamshala,Asian's Shina Tour & Travels (Swoyambhu Manjushree Yatayat P. LTD),NON A/C Semi Sleeper (2+2),23:55,06h 50m,06:45,2.5,INR 999,29 Seats available
Sujanpur (himachal pradesh) to Chandigarh,https://www.redbus.in/bus-tickets/sujanpur-to-chandigarh,HRTC - 955,Ordinary 3+2 Non AC Seater,16:20,07h 35m,23:55,3.9,INR 386,37 Seats available
Sujanpur (himachal pradesh) to Chandigarh,https://www.redbus.in/bus-tickets/sujanpur-to-chandigarh,HRTC - 952,Ordinary 3+2 Non AC Seater,17:34,06h 46m,00:20,3.9,INR 383,37 Seats available
Sujanpur (himachal pradesh) to Chandigarh,https://www.redbus.in/bus-tickets/sujanpur-to-chandigarh,HRTC - 953,Ordinary 3+2 Non AC Seater,18:20,05h 30m,23:50,3.9,INR 373,37 Seats available
Sujanpur (himachal pradesh) to Chandigarh,https://www.redbus.in/bus-tickets/sujanpur-to-chandigarh,HRTC - 1105,Ordinary 3+2 Non AC Seater,19:00,06h 10m,01:10,3.9,INR 383,29 Seats available
Sujanpur (himachal pradesh) to Chandigarh,https://www.redbus.in/bus-tickets/sujanpur-to-chandigarh,HRTC - 1101,Ordinary 3+2 Non AC Seater,19:30,05h 35m,01:05,3.9,INR 383,12 Seats available
Sujanpur (himachal pradesh) to Chandigarh,https://www.redbus.in/bus-tickets/sujanpur-to-chandigarh,HRTC - 622,Ordinary 3+2 Non AC Seater,20:10,06h 20m,02:30,3.9,INR 422,37 Seats available
Sujanpur (himachal pradesh) to Chandigarh,https://www.redbus.in/bus-tickets/sujanpur-to-chandigarh,HRTC - 1106,Ordinary 3+2 Non AC Seater,20:30,05h 45m,02:15,3.9,INR 383,37 Seats available
Sujanpur (himachal pradesh) to Chandigarh,https://www.redbus.in/bus-tickets/sujanpur-to-chandigarh,Laxmi holidays,Volvo A/C Semi Sleeper (2+2),19:30,05h 45m,01:15,4.9,INR 549,13 Seats available
Sujanpur (himachal pradesh) to Chandigarh,https://www.redbus.in/bus-tickets/sujanpur-to-chandigarh,Laxmi holidays,Volvo A/C Semi Sleeper (2+2),21:30,05h 45m,03:15,4.4,INR 550,30 Seats available
Vrindavan to Chandigarh,https://www.redbus.in/bus-tickets/vrindavan-to-chandigarh,Chandigarh Transport Undertaking (CTU) - 165939,HVAC Seater (2+3),16:00,09h 45m,01:45,3.7,INR 634.7,27 Seats available
Vrindavan to Chandigarh,https://www.redbus.in/bus-tickets/vrindavan-to-chandigarh,Vijay Tour and Travels,Bharat Benz A/C Seater /Sleeper (2+1),23:55,07h 45m,07:40,3.2,764,28 Seats available
Chandigarh to Shimla,https://www.redbus.in/bus-tickets/chandigarh-to-shimla,HRTC - 1556,Ordinary 3+2 Non AC Seater,14:48,04h 12m,19:00,3.9,INR 242,37 Seats available
Chandigarh to Shimla,https://www.redbus.in/bus-tickets/chandigarh-to-shimla,HRTC - 126,Ordinary 3+2 Non AC Seater,15:15,04h 30m,19:45,3.2,INR 242,37 Seats available
Chandigarh to Shimla,https://www.redbus.in/bus-tickets/chandigarh-to-shimla,HRTC - 1553,Ordinary 3+2 Non AC Seater,16:40,04h 09m,20:49,3.9,INR 242,47 Seats available
Chandigarh to Shimla,https://www.redbus.in/bus-tickets/chandigarh-to-shimla,HRTC - 1511,Himmani Deluxe 2+2 Non AC Seater,17:50,04h 30m,22:20,3.9,INR 262,19 Seats available
Chandigarh to Shimla,https://www.redbus.in/bus-tickets/chandigarh-to-shimla,HRTC - 1509,Ordinary 3+2 Non AC Seater,18:00,04h 30m,22:30,3.9,INR 242,28 Seats available
Chandigarh to Shimla,https://www.redbus.in/bus-tickets/chandigarh-to-shimla,HRTC - 63,Himsuta AC Seater Volvo/Scania 2+2,18:10,04h 20m,22:30,4.5,INR 389,34 Seats available
Chandigarh to Shimla,https://www.redbus.in/bus-tickets/chandigarh-to-shimla,HRTC - 6707,Ordinary 3+2 Non AC Seater,18:30,04h 30m,23:00,3.9,INR 242,37 Seats available
Chandigarh to Shimla,https://www.redbus.in/bus-tickets/chandigarh-to-shimla,HRTC - 2040088,Ordinary 3+2 Non AC Seater,19:00,04h 10m,23:10,3.9,INR 242,37 Seats available
Chandigarh to Shimla,https://www.redbus.in/bus-tickets/chandigarh-to-shimla,HRTC - 2030270,Ordinary 3+2 Non AC Seater,19:30,03h 30m,23:00,3.9,INR 232,37 Seats available
Chandigarh to Shimla,https://www.redbus.in/bus-tickets/chandigarh-to-shimla,HRTC - 2040086,Ordinary 3+2 Non AC Seater,20:00,04h 10m,00:10,3.9,INR 242,37 Seats available
Chandigarh to Shimla,https://www.redbus.in/bus-tickets/chandigarh-to-shimla,HRTC - 1729,Ordinary 3+2 Non AC Seater,20:20,05h 10m,01:30,3.9,INR 242,36 Seats available
Chandigarh to Shimla,https://www.redbus.in/bus-tickets/chandigarh-to-shimla,HRTC - 525,Ordinary 3+2 Non AC Seater,22:40,04h 20m,03:00,3.9,INR 242,26 Seats available
Chandigarh to Shimla,https://www.redbus.in/bus-tickets/chandigarh-to-shimla,City Land Travels,Volvo A/C Semi Sleeper (2+2),15:00,03h 30m,18:30,3.5,349,20 Seats available
Chandigarh to Shimla,https://www.redbus.in/bus-tickets/chandigarh-to-shimla,City Land Travels,Volvo A/C Semi Sleeper (2+2),15:10,03h 20m,18:30,3.7,INR 388,17 Seats available
Chandigarh to Agra,https://www.redbus.in/bus-tickets/chandigarh-to-agra,Chandigarh Transport Undertaking (CTU) - 165906,HVAC Seater (2+3),20:30,11h 00m,07:30,4.0,INR 740.6,46 Seats available
Chandigarh to Agra,https://www.redbus.in/bus-tickets/chandigarh-to-agra,Vijay Tour and Travels,Bharat Benz A/C Seater /Sleeper (2+1),17:40,09h 50m,03:30,4.4,1079,31 Seats available
Chandigarh to Agra,https://www.redbus.in/bus-tickets/chandigarh-to-agra,Gajraj bus service,Bharat Benz A/C Seater /Sleeper (2+1),15:30,08h 15m,23:45,2.0,INR 1400,21 Seats available
Chandigarh to Agra,https://www.redbus.in/bus-tickets/chandigarh-to-agra,NAYAR TRAVELS (OPC) PVT LTD,A/C Sleeper (2+1),16:30,09h 30m,02:00,1.0,INR 1899,17 Seats available
Chandigarh to Agra,https://www.redbus.in/bus-tickets/chandigarh-to-agra,Laxmi holidays,Bharat Benz A/C Seater /Sleeper (2+1),16:30,09h 10m,01:40,4.4,INR 1278,18 Seats available
Chandigarh to Agra,https://www.redbus.in/bus-tickets/chandigarh-to-agra,GK Travels,A/C Seater/Sleeper (2+1),16:00,11h 00m,03:00,3.7,1424,24 Seats available
Chandigarh to Agra,https://www.redbus.in/bus-tickets/chandigarh-to-agra,Virat Travels,A/C Sleeper (2+1),16:30,09h 00m,01:30,3.1,INR 1851,21 Seats available
Chandigarh to Agra,https://www.redbus.in/bus-tickets/chandigarh-to-agra,Ankush travels,Bharat Benz A/C Seater / Sleeper (2+2),15:45,10h 30m,02:15,1.1,1707,42 Seats available
Rohtak to Chandigarh,https://www.redbus.in/bus-tickets/rohtak-to-chandigarh,Chandigarh Transport Undertaking (CTU) - 165729,HVAC Seater (2+3),14:00,05h 35m,19:35,3.3,INR 404.76,50 Seats available
Rohtak to Chandigarh,https://www.redbus.in/bus-tickets/rohtak-to-chandigarh,Hari Das Tour &Travels,Bharat Benz A/C Seater /Sleeper (2+1),23:55,04h 30m,04:25,3.5,INR 799,34 Seats available
Dharamshala (Himachal Pradesh) to Chandigarh,https://www.redbus.in/bus-tickets/dharamshala-to-chandigarh,HRTC - 912,Ordinary 3+2 Non AC Seater,14:50,08h 20m,23:10,2.3,INR 462,37 Seats available
Dharamshala (Himachal Pradesh) to Chandigarh,https://www.redbus.in/bus-tickets/dharamshala-to-chandigarh,HRTC - 911,Ordinary 3+2 Non AC Seater,14:55,08h 25m,23:20,3.9,INR 488,37 Seats available
Dharamshala (Himachal Pradesh) to Chandigarh,https://www.redbus.in/bus-tickets/dharamshala-to-chandigarh,HRTC - 902,Himmani Deluxe 2+2 Non AC Seater,16:30,08h 55m,01:25,3.9,INR 502,27 Seats available
Dharamshala (Himachal Pradesh) to Chandigarh,https://www.redbus.in/bus-tickets/dharamshala-to-chandigarh,HRTC - 979,Ordinary 3+2 Non AC Seater,16:40,06h 35m,23:15,3.9,INR 432,31 Seats available
Dharamshala (Himachal Pradesh) to Chandigarh,https://www.redbus.in/bus-tickets/dharamshala-to-chandigarh,HRTC - 925,A/C Executive (2+3),18:00,08h 00m,02:00,3.9,INR 536,42 Seats available
Dharamshala (Himachal Pradesh) to Chandigarh,https://www.redbus.in/bus-tickets/dharamshala-to-chandigarh,HRTC - 904,Ordinary 3+2 Non AC Seater,18:30,07h 00m,01:30,3.9,INR 459,33 Seats available
Dharamshala (Himachal Pradesh) to Chandigarh,https://www.redbus.in/bus-tickets/dharamshala-to-chandigarh,HRTC - 925,A/C Executive (2+3),18:35,07h 25m,02:00,3.9,INR 514,43 Seats available
Dharamshala (Himachal Pradesh) to Chandigarh,https://www.redbus.in/bus-tickets/dharamshala-to-chandigarh,HRTC - 43,Himsuta AC Seater Volvo/Scania 2+2,19:00,06h 15m,01:15,3.9,INR 852,31 Seats available
Dharamshala (Himachal Pradesh) to Chandigarh,https://www.redbus.in/bus-tickets/dharamshala-to-chandigarh,HRTC - 904,Ordinary 3+2 Non AC Seater,19:00,06h 30m,01:30,3.9,INR 437,33 Seats available
Dharamshala (Himachal Pradesh) to Chandigarh,https://www.redbus.in/bus-tickets/dharamshala-to-chandigarh,HRTC - 13,Himsuta AC Seater Volvo/Scania 2+2,19:05,07h 10m,02:15,3.9,INR 847,30 Seats available
Dharamshala (Himachal Pradesh) to Chandigarh,https://www.redbus.in/bus-tickets/dharamshala-to-chandigarh,HRTC - 43,Himsuta AC Seater Volvo/Scania 2+2,19:35,05h 40m,01:15,4.3,INR 816,34 Seats available
Dharamshala (Himachal Pradesh) to Chandigarh,https://www.redbus.in/bus-tickets/dharamshala-to-chandigarh,HRTC - 905,Ordinary 3+2 Non AC Seater,19:35,06h 55m,02:30,3.9,INR 474,37 Seats available
Dharamshala (Himachal Pradesh) to Chandigarh,https://www.redbus.in/bus-tickets/dharamshala-to-chandigarh,HRTC - 927,Ordinary 3+2 Non AC Seater,20:00,08h 15m,04:15,3.9,INR 486,37 Seats available
Dharamshala (Himachal Pradesh) to Chandigarh,https://www.redbus.in/bus-tickets/dharamshala-to-chandigarh,HRTC - 13,Himsuta AC Seater Volvo/Scania 2+2,20:05,06h 10m,02:15,4.8,INR 811,28 Seats available
Dharamshala (Himachal Pradesh) to Chandigarh,https://www.redbus.in/bus-tickets/dharamshala-to-chandigarh,HRTC - 927,Ordinary 3+2 Non AC Seater,21:00,07h 15m,04:15,4.8,INR 464,34 Seats available
Dharamshala (Himachal Pradesh) to Chandigarh,https://www.redbus.in/bus-tickets/dharamshala-to-chandigarh,FlixBus,Volvo A/C Seater (2+2),18:00,07h 10m,01:10,4.7,INR 1051.79,1 Seat available
Dharamshala (Himachal Pradesh) to Chandigarh,https://www.redbus.in/bus-tickets/dharamshala-to-chandigarh,Laxmi holidays,Volvo 9600 A/C Semi Sleeper (2+2),18:30,06h 30m,01:00,4.6,INR 699,7 Seats available
Dharamshala (Himachal Pradesh) to Chandigarh,https://www.redbus.in/bus-tickets/dharamshala-to-chandigarh,Laxmi holidays,Volvo 9600 A/C Semi Sleeper (2+2),18:31,06h 29m,01:00,4.9,INR 699,7 Seats available
Dharamshala (Himachal Pradesh) to Chandigarh,https://www.redbus.in/bus-tickets/dharamshala-to-chandigarh,Bedi Travels,Volvo 9600 Multi Axle Semi-Sleeper (2+2),18:45,06h 15m,01:00,5.0,801,5 Seats available
Dharamshala (Himachal Pradesh) to Chandigarh,https://www.redbus.in/bus-tickets/dharamshala-to-chandigarh,Raghukul Holidays,Volvo A/C Semi Sleeper (2+2),19:00,05h 50m,00:50,3.8,699,27 Seats available
Dharamshala (Himachal Pradesh) to Chandigarh,https://www.redbus.in/bus-tickets/dharamshala-to-chandigarh,Laxmi holidays,VE A/C Semi Sleeper (2+2),19:00,04h 55m,23:55,4.6,INR 799,22 Seats available
Dharamshala (Himachal Pradesh) to Chandigarh,https://www.redbus.in/bus-tickets/dharamshala-to-chandigarh,Bedi Travels,Volvo 9600 Multi Axle Semi-Sleeper (2+2),19:00,06h 00m,01:00,4.7,801,5 Seats available
Dharamshala (Himachal Pradesh) to Chandigarh,https://www.redbus.in/bus-tickets/dharamshala-to-chandigarh,Zingbus Plus,Volvo A/C Semi Sleeper (2+2),19:30,05h 25m,00:55,4.8,939,12 Seats available
Dharamshala (Himachal Pradesh) to Chandigarh,https://www.redbus.in/bus-tickets/dharamshala-to-chandigarh,Raghukul Holidays,Volvo A/C Semi Sleeper (2+2),19:05,05h 45m,00:50,3.8,699,27 Seats available
Dharamshala (Himachal Pradesh) to Chandigarh,https://www.redbus.in/bus-tickets/dharamshala-to-chandigarh,Bedi Travels,Volvo 9600 A/C Semi Sleeper (2+2),21:00,05h 45m,02:45,4.9,585,7 Seats available
Dharamshala (Himachal Pradesh) to Chandigarh,https://www.redbus.in/bus-tickets/dharamshala-to-chandigarh,Zingbus Plus,Volvo A/C Semi Sleeper (2+2),19:10,05h 45m,00:55,4.7,INR 1264,12 Seats available
Dharamshala (Himachal Pradesh) to Chandigarh,https://www.redbus.in/bus-tickets/dharamshala-to-chandigarh,Ram Dalal Holidays,Volvo 9600 A/C Semi Sleeper (2+2),19:30,06h 10m,01:40,5.0,760,6 Seats available
Dharamshala (Himachal Pradesh) to Chandigarh,https://www.redbus.in/bus-tickets/dharamshala-to-chandigarh,Bedi Travels,Volvo 9600 A/C Semi Sleeper (2+2),21:15,05h 30m,02:45,4.9,585,7 Seats available
Dharamshala (Himachal Pradesh) to Chandigarh,https://www.redbus.in/bus-tickets/dharamshala-to-chandigarh,Ram Dalal Holidays,Volvo 9600 A/C Semi Sleeper (2+2),19:30,06h 10m,01:40,4.9,760,6 Seats available
Dharamshala (Himachal Pradesh) to Chandigarh,https://www.redbus.in/bus-tickets/dharamshala-to-chandigarh,New Himalaya Travels,Volvo A/C Semi Sleeper (2+2),19:30,05h 45m,01:15,4.6,INR 1040,7 Seats available
Dharamshala (Himachal Pradesh) to Chandigarh,https://www.redbus.in/bus-tickets/dharamshala-to-chandigarh,New Himalaya Travels,Volvo A/C Semi Sleeper (2+2),19:35,05h 40m,01:15,4.5,INR 1040,7 Seats available
Dharamshala (Himachal Pradesh) to Chandigarh,https://www.redbus.in/bus-tickets/dharamshala-to-chandigarh,Laxmi holidays,Volvo Multi-Axle A/C Semi Sleeper (2+2),19:55,06h 05m,02:00,4.8,INR 599,12 Seats available
Dharamshala (Himachal Pradesh) to Chandigarh,https://www.redbus.in/bus-tickets/dharamshala-to-chandigarh,Laxmi holidays,Volvo Multi-Axle A/C Semi Sleeper (2+2),20:00,06h 00m,02:00,5.0,INR 599,11 Seats available
Dharamshala (Himachal Pradesh) to Chandigarh,https://www.redbus.in/bus-tickets/dharamshala-to-chandigarh,Laxmi holidays,Volvo Multi-Axle A/C Semi Sleeper (2+2),20:00,06h 00m,02:00,4.4,INR 749,10 Seats available
Dharamshala (Himachal Pradesh) to Chandigarh,https://www.redbus.in/bus-tickets/dharamshala-to-chandigarh,Laxmi holidays,Volvo Multi-Axle A/C Semi Sleeper (2+2),20:05,05h 55m,02:00,4.4,INR 749,10 Seats available
Dharamshala (Himachal Pradesh) to Chandigarh,https://www.redbus.in/bus-tickets/dharamshala-to-chandigarh,Ram Dalal Holidays,Volvo 9600 Multi Axle Semi-Sleeper (2+2),20:30,05h 20m,01:50,4.8,665,30 Seats available
Dharamshala (Himachal Pradesh) to Chandigarh,https://www.redbus.in/bus-tickets/dharamshala-to-chandigarh,Ram Dalal Holidays,Volvo 9600 Multi Axle Semi-Sleeper (2+2),20:38,05h 12m,01:50,5.0,665,30 Seats available
Dharamshala (Himachal Pradesh) to Chandigarh,https://www.redbus.in/bus-tickets/dharamshala-to-chandigarh,Zingbus Plus,Volvo Multi-Axle A/C Semisleeper (2+2),21:40,04h 55m,02:35,4.8,682,39 Seats available
Dharamshala (Himachal Pradesh) to Chandigarh,https://www.redbus.in/bus-tickets/dharamshala-to-chandigarh,Laxmi holidays,Volvo 9600 A/C Semi Sleeper (2+2),20:55,05h 40m,02:35,4.8,INR 699,16 Seats available
Dharamshala (Himachal Pradesh) to Chandigarh,https://www.redbus.in/bus-tickets/dharamshala-to-chandigarh,Laxmi holidays,Volvo 9600 A/C Semi Sleeper (2+2),21:00,05h 35m,02:35,4.8,INR 699,16 Seats available
Dharamshala (Himachal Pradesh) to Chandigarh,https://www.redbus.in/bus-tickets/dharamshala-to-chandigarh,Zingbus Plus,Volvo Multi-Axle A/C Semisleeper (2+2),21:10,05h 25m,02:35,4.9,INR 970,39 Seats available
Dharamshala (Himachal Pradesh) to Chandigarh,https://www.redbus.in/bus-tickets/dharamshala-to-chandigarh,Laxmi holidays,Volvo 9600 A/C Semi Sleeper (2+2),21:45,05h 35m,03:20,4.5,INR 699,15 Seats available
Dharamshala (Himachal Pradesh) to Chandigarh,https://www.redbus.in/bus-tickets/dharamshala-to-chandigarh,Laxmi holidays,Volvo 9600 A/C Semi Sleeper (2+2),21:50,05h 30m,03:20,4.7,INR 699,15 Seats available
Pathankot to Chandigarh,https://www.redbus.in/bus-tickets/pathankot-to-chandigarh,HRTC - 1414,Ordinary 3+2 Non AC Seater,14:50,09h 09m,23:59,3.9,INR 461,37 Seats available
Pathankot to Chandigarh,https://www.redbus.in/bus-tickets/pathankot-to-chandigarh,HRTC - 1455,A/C Executive (2+3),15:45,08h 10m,23:55,3.9,INR 530,39 Seats available
Pathankot to Chandigarh,https://www.redbus.in/bus-tickets/pathankot-to-chandigarh,HRTC - 1416,Ordinary 3+2 Non AC Seater,16:30,06h 05m,22:35,3.9,INR 466,37 Seats available
Pathankot to Chandigarh,https://www.redbus.in/bus-tickets/pathankot-to-chandigarh,HRTC - 1401,Ordinary 3+2 Non AC Seater,16:40,08h 10m,00:50,3.9,INR 461,36 Seats available
Pathankot to Chandigarh,https://www.redbus.in/bus-tickets/pathankot-to-chandigarh,HRTC - 100,Himsuta AC Seater Volvo/Scania 2+2,22:50,05h 10m,04:00,3.9,INR 871,30 Seats available
Pathankot to Chandigarh,https://www.redbus.in/bus-tickets/pathankot-to-chandigarh,Orbit Aviation Pvt. Ltd.,Mercedes Multi-Axle Semi Sleeper (2+2),14:35,04h 40m,19:15,3.6,INR 788,37 Seats available
Pathankot to Chandigarh,https://www.redbus.in/bus-tickets/pathankot-to-chandigarh,Khurana Bus Service,Volvo A/C (2+2),16:00,05h 35m,21:35,4.2,INR 640,34 Seats available
Pathankot to Chandigarh,https://www.redbus.in/bus-tickets/pathankot-to-chandigarh,Orbit Aviation Pvt. Ltd.,Mercedes Multi-Axle Semi Sleeper (2+2),16:50,04h 55m,21:45,3.7,INR 949,53 Seats available
Pathankot to Chandigarh,https://www.redbus.in/bus-tickets/pathankot-to-chandigarh,AdMoon Light Travels Katra,A/C Sleeper (2+1),22:35,05h 45m,04:20,4.4,637,25 Seats available
Pathankot to Chandigarh,https://www.redbus.in/bus-tickets/pathankot-to-chandigarh,Orbit Aviation Pvt. Ltd.,Mercedes Multi-Axle Semi Sleeper (2+2),16:50,05h 05m,21:55,3.6,INR 949,53 Seats available
Pathankot to Chandigarh,https://www.redbus.in/bus-tickets/pathankot-to-chandigarh,Zimindara Travels,AC Sleeper (2+1),17:30,06h 00m,23:30,4.5,INR 649,24 Seats available
Pathankot to Chandigarh,https://www.redbus.in/bus-tickets/pathankot-to-chandigarh,Goel Tourist (Regd),A/C Seater / Sleeper (2+2),20:00,04h 30m,00:30,3.0,540,9 Seats available
Pathankot to Chandigarh,https://www.redbus.in/bus-tickets/pathankot-to-chandigarh,Mahadev Travels(mdvt),Volvo A/C Semi Sleeper (2+2 ),23:00,04h 30m,03:30,3.7,700,41 Seats available
Pathankot to Chandigarh,https://www.redbus.in/bus-tickets/pathankot-to-chandigarh,Hari Das Tour &Travels,VE A/C Seater / Sleeper (2+1),19:15,04h 43m,23:58,3.5,INR 699,38 Seats available
Pathankot to Chandigarh,https://www.redbus.in/bus-tickets/pathankot-to-chandigarh,Hari Das Tour &Travels,Bharat Benz A/C Seater /Sleeper (2+1),19:15,04h 43m,23:58,4.2,INR 599,20 Seats available
Pathankot to Chandigarh,https://www.redbus.in/bus-tickets/pathankot-to-chandigarh,IntrCity SmartBus,Bharat Benz A/C Seater /Sleeper (2+1),20:00,06h 00m,02:00,4.8,INR 449,21 Seats available
Pathankot to Chandigarh,https://www.redbus.in/bus-tickets/pathankot-to-chandigarh,Vijay Tour and Travels,Bharat Benz A/C Seater /Sleeper (2+1),19:00,06h 00m,01:00,3.5,540,38 Seats available
Pathankot to Chandigarh,https://www.redbus.in/bus-tickets/pathankot-to-chandigarh,Laxmi holidays,Bharat Benz A/C Seater /Sleeper (2+1),20:30,05h 00m,01:30,4.5,INR 720,33 Seats available
Pathankot to Chandigarh,https://www.redbus.in/bus-tickets/pathankot-to-chandigarh,Laxmi holidays,Bharat Benz A/C Seater /Sleeper (2+1),20:40,04h 50m,01:30,4.4,INR 431,12 Seats available
Pathankot to Chandigarh,https://www.redbus.in/bus-tickets/pathankot-to-chandigarh,Big Bus,A/C Seater / Sleeper (2+2),20:05,03h 40m,23:45,2.7,438,33 Seats available
Pathankot to Chandigarh,https://www.redbus.in/bus-tickets/pathankot-to-chandigarh,Maheshwaram Travels,A/C Seater / Sleeper (2+2),22:15,03h 45m,02:00,1.4,466,42 Seats available
Pathankot to Chandigarh,https://www.redbus.in/bus-tickets/pathankot-to-chandigarh,Shiv Mohan Travels,AC Sleeper (2+1),21:00,06h 30m,03:30,3.1,INR 523.81,36 Seats available
Pathankot to Chandigarh,https://www.redbus.in/bus-tickets/pathankot-to-chandigarh,IntrCity SmartBus,Bharat Benz A/C Seater /Sleeper (2+1),21:00,06h 00m,03:00,4.4,INR 379,29 Seats available
Pathankot to Chandigarh,https://www.redbus.in/bus-tickets/pathankot-to-chandigarh,Laxmi holidays,Bharat Benz A/C Sleeper (2+1),21:00,05h 00m,02:00,4.4,INR 656,10 Seats available
Pathankot to Chandigarh,https://www.redbus.in/bus-tickets/pathankot-to-chandigarh,Laxmi holidays,Volvo 9600 Multi-Axle A/C Sleeper (2+1),21:15,04h 45m,02:00,3.0,INR 729,23 Seats available
Pathankot to Chandigarh,https://www.redbus.in/bus-tickets/pathankot-to-chandigarh,Ram Dalal Holidays,Bharat Benz A/C Sleeper (2+1),21:30,04h 40m,02:10,4.5,523,8 Seats available
Pathankot to Chandigarh,https://www.redbus.in/bus-tickets/pathankot-to-chandigarh,IntrCity SmartBus,A/C Seater / Sleeper (2+1),21:40,05h 10m,02:50,4.4,INR 499,25 Seats available
Pathankot to Chandigarh,https://www.redbus.in/bus-tickets/pathankot-to-chandigarh,SHRI KRISHNA TRAVELS (JAI SHREE GANESH YATRA CO.),VE A/C Seater / Sleeper (2+1),21:50,06h 05m,03:55,3.7,INR 1099,30 Seats available
Pathankot to Chandigarh,https://www.redbus.in/bus-tickets/pathankot-to-chandigarh,Laxmi holidays,Bharat Benz A/C Seater /Sleeper (2+1),22:00,04h 40m,02:40,5.0,INR 479,29 Seats available
Pathankot to Chandigarh,https://www.redbus.in/bus-tickets/pathankot-to-chandigarh,BSS COOL COOL TRAVELS,A/C Seater / Sleeper (2+2),22:30,04h 15m,02:45,3.9,INR 799,20 Seats available
Pathankot to Chandigarh,https://www.redbus.in/bus-tickets/pathankot-to-chandigarh,Just kailash,A/C Seater / Sleeper (2+2),23:55,05h 05m,05:00,2.5,539,46 Seats available
Pathankot to Chandigarh,https://www.redbus.in/bus-tickets/pathankot-to-chandigarh,IntrCity SmartBus,VE A/C Seater / Sleeper (2+1),22:40,05h 00m,03:40,3.9,INR 498,32 Seats available
Pathankot to Chandigarh,https://www.redbus.in/bus-tickets/pathankot-to-chandigarh,Jamna Travels-Jammu,AshokLeyland Stile A/C,23:00,05h 30m,04:30,3.7,INR 550,16 Seats available
Pathankot to Chandigarh,https://www.redbus.in/bus-tickets/pathankot-to-chandigarh,Ram Dalal Holidays,Bharat Benz A/C Sleeper (2+1),23:00,04h 30m,03:30,4.9,523,18 Seats available
Pathankot to Chandigarh,https://www.redbus.in/bus-tickets/pathankot-to-chandigarh,City Land Travels,A/C Seater/Sleeper (2+1),23:00,05h 15m,04:15,4.2,584,26 Seats available
Pathankot to Chandigarh,https://www.redbus.in/bus-tickets/pathankot-to-chandigarh,Gola Bus Service,A/C Seater/Sleeper (2+1),23:15,04h 35m,03:50,3.6,INR 459,34 Seats available
Pathankot to Chandigarh,https://www.redbus.in/bus-tickets/pathankot-to-chandigarh,Laxmi holidays,Bharat Benz A/C Seater /Sleeper (2+1),23:25,04h 55m,04:20,4.1,INR 864,17 Seats available
Pathankot to Chandigarh,https://www.redbus.in/bus-tickets/pathankot-to-chandigarh,KN Nehra Travels,A/C Seater / Sleeper (2+1),23:30,04h 50m,04:20,3.0,INR 599,30 Seats available
Pathankot to Chandigarh,https://www.redbus.in/bus-tickets/pathankot-to-chandigarh,New Pal Travels,A/C Sleeper (2+1),23:55,05h 20m,05:15,3.6,558,13 Seats available
Pathankot to Chandigarh,https://www.redbus.in/bus-tickets/pathankot-to-chandigarh,IntrCity SmartBus,A/C Seater / Sleeper (2+1),23:30,04h 50m,04:20,3.4,INR 479,28 Seats available
Pathankot to Chandigarh,https://www.redbus.in/bus-tickets/pathankot-to-chandigarh,Awadh Travels,A/C Sleeper (2+2),23:40,04h 20m,04:00,3.5,809,32 Seats available
Pathankot to Chandigarh,https://www.redbus.in/bus-tickets/pathankot-to-chandigarh,BSS COOL COOL TRAVELS,A/C Seater / Sleeper (2+2),23:43,03h 57m,03:40,3.9,INR 799,33 Seats available
Pathankot to Chandigarh,https://www.redbus.in/bus-tickets/pathankot-to-chandigarh,Radhe Travels,Bharat Benz A/C Sleeper (2+1),23:45,05h 30m,05:15,4.6,INR 499,9 Seats available
Pathankot to Chandigarh,https://www.redbus.in/bus-tickets/pathankot-to-chandigarh,Jamna Travels-Jammu,AshokLeyland Stile A/C,23:45,05h 30m,05:15,3.5,INR 799,18 Seats available
Pathankot to Chandigarh,https://www.redbus.in/bus-tickets/pathankot-to-chandigarh,Radhe Travels,Bharat Benz A/C Sleeper (2+1),23:45,04h 55m,04:40,4.0,INR 499,9 Seats available
Pathankot to Chandigarh,https://www.redbus.in/bus-tickets/pathankot-to-chandigarh,Ashok Bus Service,VE A/C Seater / Sleeper (2+1),23:45,04h 20m,04:05,4.6,INR 549,37 Seats available
Pathankot to Chandigarh,https://www.redbus.in/bus-tickets/pathankot-to-chandigarh,Laxmi holidays,Bharat Benz A/C Seater /Sleeper (2+1),23:45,04h 00m,03:45,3.5,INR 479,23 Seats available
Pathankot to Chandigarh,https://www.redbus.in/bus-tickets/pathankot-to-chandigarh,Harikesh Tour N Travels,A/C Sleeper (2+1),23:50,04h 55m,04:45,3.9,525,19 Seats available
Pathankot to Chandigarh,https://www.redbus.in/bus-tickets/pathankot-to-chandigarh,Laxmi holidays,Volvo 9600 Multi-Axle A/C Sleeper (2+1),23:55,03h 45m,03:40,5.0,INR 810,17 Seats available
Pathankot to Chandigarh,https://www.redbus.in/bus-tickets/pathankot-to-chandigarh,Khurana Bus Service,Volvo A/C (2+2),16:00,05h 15m,21:15,2.1,INR 640,35 Seats available
Pathankot to Chandigarh,https://www.redbus.in/bus-tickets/pathankot-to-chandigarh,Orbit Aviation Pvt. Ltd.,Mercedes Multi-Axle Semi Sleeper (2+2),16:50,05h 15m,22:05,2.7,INR 949,53 Seats available
Pathankot to Chandigarh,https://www.redbus.in/bus-tickets/pathankot-to-chandigarh,Travel Point,A/C Seater / Sleeper (2+2),19:15,04h 15m,23:30,1.6,542,38 Seats available
Pathankot to Chandigarh,https://www.redbus.in/bus-tickets/pathankot-to-chandigarh,Lavish Travels,A/C Seater / Sleeper (2+2),19:35,05h 40m,01:15,2.8,719,39 Seats available
Pathankot to Chandigarh,https://www.redbus.in/bus-tickets/pathankot-to-chandigarh,Travel Point,A/C Seater / Sleeper (2+2),22:00,04h 15m,02:15,2.9,994,50 Seats available
Pathankot to Chandigarh,https://www.redbus.in/bus-tickets/pathankot-to-chandigarh,SHRI KRISHNA TRAVELS (JAI SHREE GANESH YATRA CO.),A/C Sleeper (2+2),19:20,04h 39m,23:59,3.7,INR 1499,40 Seats available
Baijnath to Chandigarh,https://www.redbus.in/bus-tickets/baijnath-to-chandigarh,HRTC - 1104,Ordinary 3+2 Non AC Seater,14:55,09h 25m,00:20,3.9,INR 513,37 Seats available
Baijnath to Chandigarh,https://www.redbus.in/bus-tickets/baijnath-to-chandigarh,HRTC - 1107,Ordinary 3+2 Non AC Seater,15:00,08h 20m,23:20,3.9,INR 507,31 Seats available
Baijnath to Chandigarh,https://www.redbus.in/bus-tickets/baijnath-to-chandigarh,HRTC - 1109,Ordinary 3+2 Non AC Seater,15:44,08h 36m,00:20,3.9,INR 538,35 Seats available
Baijnath to Chandigarh,https://www.redbus.in/bus-tickets/baijnath-to-chandigarh,HRTC - 1105,Ordinary 3+2 Non AC Seater,15:45,09h 25m,01:10,3.9,INR 505,37 Seats available
Baijnath to Chandigarh,https://www.redbus.in/bus-tickets/baijnath-to-chandigarh,HRTC - 1134,Ordinary 3+2 Non AC Seater,17:00,07h 40m,00:40,4.3,INR 513,42 Seats available
Baijnath to Chandigarh,https://www.redbus.in/bus-tickets/baijnath-to-chandigarh,HRTC - 1101,Ordinary 3+2 Non AC Seater,17:00,08h 05m,01:05,3.9,INR 499,33 Seats available
Baijnath to Chandigarh,https://www.redbus.in/bus-tickets/baijnath-to-chandigarh,HRTC - 1106,Ordinary 3+2 Non AC Seater,17:15,09h 00m,02:15,3.9,INR 540,37 Seats available
Baijnath to Chandigarh,https://www.redbus.in/bus-tickets/baijnath-to-chandigarh,HRTC - 622,Ordinary 3+2 Non AC Seater,17:20,09h 10m,02:30,3.9,INR 551,37 Seats available
Baijnath to Chandigarh,https://www.redbus.in/bus-tickets/baijnath-to-chandigarh,HRTC - 1103,A/C Executive (2+3),20:00,07h 00m,03:00,3.4,INR 548,36 Seats available
Baijnath to Chandigarh,https://www.redbus.in/bus-tickets/baijnath-to-chandigarh,HRTC - 1116,A/C Executive (2+3),20:50,07h 15m,04:05,3.8,INR 583,22 Seats available
Baijnath to Chandigarh,https://www.redbus.in/bus-tickets/baijnath-to-chandigarh,Chandigarh Transport Undertaking (CTU) - 165826,HVAC Seater (2+3),18:40,09h 00m,03:40,4.9,INR 611.4,47 Seats available
Baijnath to Chandigarh,https://www.redbus.in/bus-tickets/baijnath-to-chandigarh,Laxmi holidays,Volvo A/C Semi Sleeper (2+2),17:30,07h 45m,01:15,4.3,INR 549,13 Seats available
Baijnath to Chandigarh,https://www.redbus.in/bus-tickets/baijnath-to-chandigarh,Northern Travels,Volvo A/C Semi Sleeper (2+2),18:00,07h 00m,01:00,4.7,504,5 Seats available
Baijnath to Chandigarh,https://www.redbus.in/bus-tickets/baijnath-to-chandigarh,Bedi Travels,Volvo 9600 A/C Semi Sleeper (2+2),18:15,07h 30m,01:45,4.8,675,15 Seats available
Baijnath to Chandigarh,https://www.redbus.in/bus-tickets/baijnath-to-chandigarh,Ram Dalal Holidays,Volvo A/C Semi Sleeper (2+2),18:15,07h 05m,01:20,4.0,789,5 Seats available
Baijnath to Chandigarh,https://www.redbus.in/bus-tickets/baijnath-to-chandigarh,Zingbus Plus,Volvo A/C Semi Sleeper (2+2),18:20,06h 35m,00:55,4.5,INR 1313,12 Seats available
Baijnath to Chandigarh,https://www.redbus.in/bus-tickets/baijnath-to-chandigarh,Laxmi holidays,Scania Multi-Axle AC Semi Sleeper (2+2),18:30,07h 20m,01:50,4.5,INR 649,25 Seats available
Baijnath to Chandigarh,https://www.redbus.in/bus-tickets/baijnath-to-chandigarh,Ram Dalal Holidays,Volvo 9600 A/C Semi Sleeper (2+2),18:50,06h 25m,01:15,4.9,713,8 Seats available
Baijnath to Chandigarh,https://www.redbus.in/bus-tickets/baijnath-to-chandigarh,BIR BILLING TRAVELS,Volvo A/C Semi Sleeper (2+2),19:00,06h 00m,01:00,4.0,494,28 Seats available
Baijnath to Chandigarh,https://www.redbus.in/bus-tickets/baijnath-to-chandigarh,Bedi Travels,Volvo A/C Semi Sleeper (2+2),19:00,07h 05m,02:05,3.1,701,20 Seats available
Baijnath to Chandigarh,https://www.redbus.in/bus-tickets/baijnath-to-chandigarh,Zingbus Plus,Volvo Multi-Axle A/C Semisleeper (2+2),20:20,06h 15m,02:35,4.5,INR 1277,39 Seats available
Baijnath to Chandigarh,https://www.redbus.in/bus-tickets/baijnath-to-chandigarh,New Himalaya Travels,Volvo A/C Semi Sleeper (2+2),19:00,06h 30m,01:30,5.0,INR 600,14 Seats available
Baijnath to Chandigarh,https://www.redbus.in/bus-tickets/baijnath-to-chandigarh,Northern Travels,Volvo A/C Semi Sleeper (2+2),19:00,06h 30m,01:30,3.1,627,8 Seats available
Baijnath to Chandigarh,https://www.redbus.in/bus-tickets/baijnath-to-chandigarh,Ram Dalal Holidays,Volvo A/C Semi Sleeper (2+2),19:30,07h 40m,03:10,4.6,637,17 Seats available
Baijnath to Chandigarh,https://www.redbus.in/bus-tickets/baijnath-to-chandigarh,Laxmi holidays,Volvo A/C Semi Sleeper (2+2),19:30,07h 45m,03:15,4.4,INR 550,30 Seats available
Baijnath to Chandigarh,https://www.redbus.in/bus-tickets/baijnath-to-chandigarh,Himalayan Nomad Ktc,Volvo A/C Semi Sleeper (2+2),19:30,07h 05m,02:35,3.9,699,38 Seats available
Baijnath to Chandigarh,https://www.redbus.in/bus-tickets/baijnath-to-chandigarh,Himalayan Nomad Ktc,Volvo A/C Semi Sleeper (2+2),20:00,07h 05m,03:05,3.9,656,34 Seats available
Baijnath to Chandigarh,https://www.redbus.in/bus-tickets/baijnath-to-chandigarh,Laxmi holidays,Volvo A/C Semi Sleeper (2+2),20:00,06h 50m,02:50,4.8,INR 599,15 Seats available
Baijnath to Chandigarh,https://www.redbus.in/bus-tickets/baijnath-to-chandigarh,Bharmani Travels,Volvo A/C Semi Sleeper (2+2),20:30,06h 00m,02:30,4.1,674,22 Seats available
Shimla to Chandigarh,https://www.redbus.in/bus-tickets/shimla-to-chandigarh,HRTC - 104,A/C Executive (2+3),18:20,03h 01m,21:21,3.5,INR 257,44 Seats available
Shimla to Chandigarh,https://www.redbus.in/bus-tickets/shimla-to-chandigarh,HRTC - 210,Ordinary 3+2 Non AC Seater,19:20,03h 00m,22:20,3.9,INR 242,37 Seats available
Shimla to Chandigarh,https://www.redbus.in/bus-tickets/shimla-to-chandigarh,HRTC - 188,Ordinary 3+2 Non AC Seater,19:25,03h 01m,22:26,3.9,INR 242,35 Seats available
Shimla to Chandigarh,https://www.redbus.in/bus-tickets/shimla-to-chandigarh,HRTC - 2040093,Ordinary 3+2 Non AC Seater,19:40,04h 35m,00:15,3.9,INR 242,36 Seats available
Shimla to Chandigarh,https://www.redbus.in/bus-tickets/shimla-to-chandigarh,HRTC - 1711,Ordinary 3+2 Non AC Seater,20:00,03h 00m,23:00,3.9,INR 242,37 Seats available
Shimla to Chandigarh,https://www.redbus.in/bus-tickets/shimla-to-chandigarh,HRTC - 139,Ordinary 3+2 Non AC Seater,20:05,04h 10m,00:15,3.9,INR 242,37 Seats available
Shimla to Chandigarh,https://www.redbus.in/bus-tickets/shimla-to-chandigarh,HRTC - 229,Ordinary 3+2 Non AC Seater,20:40,03h 01m,23:41,3.9,INR 242,37 Seats available
Shimla to Chandigarh,https://www.redbus.in/bus-tickets/shimla-to-chandigarh,HRTC - 108,A/C Executive (2+3),21:20,03h 01m,00:21,3.1,INR 257,44 Seats available
Shimla to Chandigarh,https://www.redbus.in/bus-tickets/shimla-to-chandigarh,HRTC - 1712,Ordinary 3+2 Non AC Seater,21:30,03h 30m,01:00,3.9,INR 242,27 Seats available
Shimla to Chandigarh,https://www.redbus.in/bus-tickets/shimla-to-chandigarh,HRTC - 35,Himsuta AC Seater Volvo/Scania 2+2,22:00,03h 10m,01:10,3.9,INR 389,14 Seats available
Shimla to Chandigarh,https://www.redbus.in/bus-tickets/shimla-to-chandigarh,HRTC - 179,Ordinary 3+2 Non AC Seater,22:00,03h 45m,01:45,3.9,INR 242,25 Seats available
Shimla to Chandigarh,https://www.redbus.in/bus-tickets/shimla-to-chandigarh,HRTC - 136,Ordinary 3+2 Non AC Seater,22:30,03h 40m,02:10,3.9,INR 242,24 Seats available
Shimla to Chandigarh,https://www.redbus.in/bus-tickets/shimla-to-chandigarh,RSRTC - 192348,Super Luxury Volvo AC Seater Pushback 2+2,16:30,04h 45m,21:15,4.6,INR 432,29 Seats available
Shimla to Chandigarh,https://www.redbus.in/bus-tickets/shimla-to-chandigarh,Zingbus Plus,Bharat Benz A/C Semi Sleeper (2+2),20:30,03h 15m,23:45,4.7,701,33 Seats available
Shimla to Chandigarh,https://www.redbus.in/bus-tickets/shimla-to-chandigarh,Laxmi holidays,Scania Multi-Axle AC Semi Sleeper (2+2),20:30,03h 05m,23:35,4.7,INR 499,35 Seats available
Shimla to Chandigarh,https://www.redbus.in/bus-tickets/shimla-to-chandigarh,Laxmi holidays,Scania Multi-Axle AC Semi Sleeper (2+2),20:30,02h 30m,23:00,4.8,INR 499,30 Seats available
Shimla to Chandigarh,https://www.redbus.in/bus-tickets/shimla-to-chandigarh,Zingbus Plus,Bharat Benz A/C Semi Sleeper (2+2),20:30,02h 40m,23:10,4.7,701,33 Seats available
Shimla to Chandigarh,https://www.redbus.in/bus-tickets/shimla-to-chandigarh,Bedi Travels,Volvo A/C Semi Sleeper (2+2),21:30,03h 25m,00:55,4.1,558,13 Seats available
Shimla to Chandigarh,https://www.redbus.in/bus-tickets/shimla-to-chandigarh,City Land Travels,Volvo A/C Semi Sleeper (2+2),22:00,02h 50m,00:50,4.1,450,24 Seats available
Shimla to Chandigarh,https://www.redbus.in/bus-tickets/shimla-to-chandigarh,City Land Travels,Volvo A/C Semi Sleeper (2+2),22:30,02h 45m,01:15,4.1,576,29 Seats available
Shimla to Chandigarh,https://www.redbus.in/bus-tickets/shimla-to-chandigarh,Ram Dalal Holidays,Mercedes Multi-Axle Semi Sleeper (2+2),22:00,03h 45m,01:45,4.7,570,30 Seats available
Shimla to Chandigarh,https://www.redbus.in/bus-tickets/shimla-to-chandigarh,City Land Travels,Volvo A/C Semi Sleeper (2+2),22:30,02h 50m,01:20,3.7,576,29 Seats available
Shimla to Chandigarh,https://www.redbus.in/bus-tickets/shimla-to-chandigarh,City Land Travels,Volvo A/C Semi Sleeper (2+2),22:00,03h 00m,01:00,2.8,450,24 Seats available
Shimla to Chandigarh,https://www.redbus.in/bus-tickets/shimla-to-chandigarh,Here Bus,AC Seater (2+2),21:00,03h 15m,00:15,3.9,2271,45 Seats available
Chandigarh to Haridwar,https://www.redbus.in/bus-tickets/chandigarh-to-haridwar,HRTC - 6704,Ordinary 3+2 Non AC Seater,17:30,06h 45m,00:15,3.9,INR 314,36 Seats available
Chandigarh to Haridwar,https://www.redbus.in/bus-tickets/chandigarh-to-haridwar,Vijay Tour and Travels,Bharat Benz A/C Seater /Sleeper (2+1),21:30,05h 10m,02:40,3.5,764,22 Seats available
Chandigarh to Haridwar,https://www.redbus.in/bus-tickets/chandigarh-to-haridwar,Shree Mahaveer Travels Jaipur,Bharat Benz A/C Seater /Sleeper (2+1),22:00,05h 15m,03:15,3.4,664,19 Seats available
Chandigarh to Haridwar,https://www.redbus.in/bus-tickets/chandigarh-to-haridwar,Zimindara Travels,AC Sleeper (2+1),23:00,05h 30m,04:30,3.8,INR 749,23 Seats available
Chandigarh to Haridwar,https://www.redbus.in/bus-tickets/chandigarh-to-haridwar,Vijay Tour and Travels,Volvo 9600 A/C Sleeper (2+1),23:30,05h 00m,04:30,3.9,944,3 Seats available
Chandigarh to Haridwar,https://www.redbus.in/bus-tickets/chandigarh-to-haridwar,SHRI KRISHNA TRAVELS (JAI SHREE GANESH YATRA CO.),VE A/C Seater / Sleeper (2+1),23:30,06h 05m,05:35,3.7,INR 899,23 Seats available
Chandigarh to Haridwar,https://www.redbus.in/bus-tickets/chandigarh-to-haridwar,SHRI KRISHNA TRAVELS (JAI SHREE GANESH YATRA CO.),A/C Sleeper (2+2),23:45,06h 00m,05:45,3.7,INR 1199,40 Seats available
Chandigarh to Haridwar,https://www.redbus.in/bus-tickets/chandigarh-to-haridwar,Laxmi holidays,VE A/C Semi Sleeper (2+2),23:55,06h 35m,06:30,4.7,INR 899,25 Seats available
Chandigarh to Haridwar,https://www.redbus.in/bus-tickets/chandigarh-to-haridwar,SHRI KRISHNA TRAVELS (JAI SHREE GANESH YATRA CO.),VE A/C Seater / Sleeper (2+1),23:55,05h 40m,05:35,4.1,INR 899,23 Seats available
Chandigarh to Haridwar,https://www.redbus.in/bus-tickets/chandigarh-to-haridwar,City Land Travels,Volvo A/C Semi Sleeper (2+2),23:55,05h 06m,05:01,3.8,405,19 Seats available
Chandigarh to Haridwar,https://www.redbus.in/bus-tickets/chandigarh-to-haridwar,SHRI KRISHNA TRAVELS (JAI SHREE GANESH YATRA CO.),A/C Sleeper (2+2),23:59,05h 46m,05:45,3.7,INR 1199,40 Seats available
